,key,x,y,wait,move_index
0,,-16.0,-15.999999999999993,0,2
1,,-16.0,-15.999999999999993,1.0,3
2,,-16.0,-15.999999999999993,3.0,5
3,,-16.0,-15.999999999999993,4.0,7
