,key,x,y,wait,move_index
0,,44.542816162109375,-248.65289306640625,0,2
