,key,x,y,wait,move_index
0,,240,93.74027587715298,0,4
1,,-245.0,93.74027587715298,0.0,14
2,,-245.0,93.74027587715298,0,2
3,,-245.0,93.74027587715298,0,110
4,,-245.0,93.74027587715298,0,112
5,,200.0,140.0,0.0,114
6,,-235.0,140.0,0.0,128
