,key,x,y,wait,move_index
0,,-67,17.000000000000007,0,2
1,,-67,17.000000000000007,0,28
