,key,x,y,wait,move_index
0,,241.0,58.00000000000001,0,2
1,,241.0,58.00000000000001,10.0,3
2,,341.0,58.00000000000001,0.0,6
