,key,x,y,wait,move_index
0,,-159.0,98,0,2
1,,-159.0,98,2.0,5
2,,-159.0,98,2.0,8
3,,-159.0,98,2.0,12
4,,-150.2844257252342,-1.6194698091745607,0.0,14
5,,-150.2844257252342,-1.6194698091745607,2.0,16
6,,-150.2844257252342,-1.6194698091745607,2.0,18
