,key,x,y,wait,move_index
0,,-92.00000999680034,15.000013989870574,0,2
