,key,x,y,wait,move_index
0,,-179,96.99999999999999,0,2
1,,-179,96.99999999999999,2.0,3
2,,-169.0,96.99999999999999,0.0,5
3,,-179.0,96.99999999999999,0.0,7
4,,-169.0,96.99999999999999,0.0,9
5,,-179.0,96.99999999999999,0.0,11
6,,-169.0,96.99999999999999,0.0,13
7,,-179.0,96.99999999999999,0.0,15
8,,-169.0,96.99999999999999,0.0,17
9,,-179.0,96.99999999999999,0.0,19
10,,-169.0,96.99999999999999,0.0,21
11,,-179.0,96.99999999999999,0.0,23
12,,-179.0,96.99999999999999,0,26
