,key,x,y,wait,move_index
0,,-209.433038985349,33.73132184970988,0,2
1,,-206.0,8.0,0.0,3
2,,-206.0,8.0,0,97
