,key,x,y,wait,move_index
0,,41.0,-38.999999999999986,0,105
1,,41.0,-38.999999999999986,0,2
