,key,x,y,wait,move_index
0,,75.4985312337906,-11.462162336646124,0,2
1,,85.49849298136317,-11.434502852100835,0.0,4
2,,75.4985312337906,-11.462162336646124,0.0,13
