,key,x,y,wait,move_index
0,,-188.00000000000003,-132,0,2
1,,-178.00000000000003,-132.0,0.0,4
2,,-168.00000000000003,-132.0,0.0,5
3,,-158.00000000000003,-132.0,0.0,6
4,,-148.00000000000003,-132.0,0.0,7
5,,-138.00000000000003,-132.0,0.0,8
6,,-128.00000000000003,-132.0,0.0,9
7,,-118.00000000000003,-132.0,0.0,10
8,,-108.00000000000003,-132.0,0.0,11
9,,-98.00000000000003,-132.0,0.0,12
10,,-88.00000000000003,-132.0,0.0,13
