,key,x,y,wait,move_index
0,,-96.13442729294005,36.287809008100226,0,2
1,,0.0,0.0,0.0,3
2,,0.0,0.0,0,7
3,,0.0,0.0,0,9
