,key,x,y,wait,move_index
0,,-140.0,-114.99999999999999,0,2
1,,-120.0,-114.99999999999999,0.0,3
2,,-120.0,-114.99999999999999,2.0,4
3,,-120.0,-114.99999999999999,2.0,5
4,,-120.0,-114.99999999999999,2.0,7
