,key,x,y,wait,move_index
0,,-144.00000077794923,-48.99998253451664,0,9
1,,-200.0,-45.0,0.0,10
2,,-200.0,-45.0,2.0,12
3,,-200.0,-45.0,0,2
4,,-195.0,-45.0,0.0,3
5,,-195.0,-45.0,2.0,6
