,key,x,y,wait,move_index
0,,-24.999999999999982,-99.99999999999999,0,2
1,,-25.0,-100.0,0.0,4
2,,-25.0,-100.0,2.0,7
3,,-25.0,-100.0,2.0,11
4,,-25.0,-100.0,2.0,12
