,key,x,y,wait,move_index
0,,-100.352,-114.70400000000001,0,2
1,,-100.352,-114.70400000000001,1.0,3
2,,-100.352,-114.70400000000001,2.0,5
3,,-100.352,-114.70400000000001,1.0,7
4,,-100.352,-114.70400000000001,1.0,9
5,,-100.352,-114.70400000000001,1.0,12
