,key,x,y,wait,move_index
0,,3.999983518214712,-18.999984908105876,0,2
