,key,x,y,wait,move_index
0,,-5.726401318986639,30.00273616507764,0,2
1,,0.0,0.0,0.0,4
