,key,x,y,wait,move_index
0,,-91.82655569969492,-38.082052044289924,0,2
1,,-172.0,-115.0,0.0,3
2,,155.6608177155967,114.43057454041843,0.0,5
3,,155.6608177155967,114.43057454041843,1.0,6
4,,155.6608177155967,-85.56942545958157,0.0,8
5,,155.6608177155967,-85.56942545958157,1.0,9
6,,-91.82655569969492,161.91794795571008,0.0,11
7,,-91.82655569969492,161.91794795571008,1.0,12
8,,-91.82655569969491,-38.082052044289924,0.0,14
9,,-91.82655569969491,-38.082052044289924,1.0,15
