,key,x,y,wait,move_index
0,,296.7128365000316,254.9588989403712,0,2
1,,168.0,119.0,0.0,3
