,key,x,y,wait,move_index
0,,-182.46669209347664,-35.32171227104705,0,2
1,,-182.46669209347664,-27.321712271047048,0.0,4
2,,-182.46669209347664,-27.321712271047048,0.5,5
3,,-182.46669209347664,-35.32171227104705,0.0,6
4,,-182.46669209347664,-35.32171227104705,0.5,9
