,key,x,y,wait,move_index
0,,-0.2721321695760537,108.14713216957605,0,2
