,key,x,y,wait,move_index
0,,0.0,0,0,2
1,,0.0,0.0,0.0,3
2,,0.0,0.0,1.0,7
3,,100.0,0.0,0.0,9
4,,100.0,0.0,1.0,11
5,,100.0,100.0,0.0,12
6,,100.0,100.0,1.0,14
7,,0.0,100.00000000000001,0.0,15
8,,0.0,100.00000000000001,1.0,17
9,,-1.8369701987210297e-14,1.4210854715202004e-14,0.0,18
10,,-1.8369701987210297e-14,1.4210854715202004e-14,1.0,20
