,key,x,y,wait,move_index
0,,157.0,-39.000000000000014,0,2
1,,157.0,-39.000000000000014,1.0,5
2,,157.0,-39.000000000000014,1.0,7
3,,157.0,-39.000000000000014,1.0,9
4,,157.0,-39.000000000000014,1.0,11
5,,157.0,-39.000000000000014,1.0,13
6,,157.0,-39.000000000000014,1.0,15
7,,157.0,-39.000000000000014,1.0,17
8,,157.0,-39.000000000000014,1.0,19
9,,157.0,-39.000000000000014,1.0,21
10,,157.0,-39.000000000000014,1.0,23
