,key,x,y,wait,move_index
0,,5.81040366816312,-5.166507337336801,0,2
