,key,x,y,wait,move_index
0,,211.00000000000003,120,0,2
1,,-209.0,120.0,0.0,3
2,,-39.0,120.0,0.0,8
3,,-38.99999999999999,270.0,0.0,10
4,,-139.0,270.0,0.0,12
5,,-138.99999999999997,370.0,0.0,14
6,,141.00000000000003,369.99999999999994,0.0,16
7,,140.99999999999997,119.99999999999994,0.0,18
8,,210.99999999999997,119.99999999999993,0.0,20
