,key,x,y,wait,move_index
0,,103.31393432617188,48.329191925349974,0,2
