,key,x,y,wait,move_index
0,,-168.99804902012346,-127.0130883930168,0,2
1,,-168.99804902012346,-127.0130883930168,1.0,4
2,,-168.99804902012346,-127.0130883930168,1.0,6
3,,-168.99804902012346,-127.0130883930168,3.0,9
