,key,x,y,wait,move_index
0,,-1.9184653865522705e-13,7.105427357601002e-14,0,2
1,,99.9999999999998,7.105427357601002e-14,0.0,7
2,,49.99999999999982,-86.6025403784438,0.0,10
3,,-2.2026824808563106e-13,2.842170943040401e-14,0.0,13
