,key,x,y,wait,move_index
0,,-111.0,33.000000000000014,0,2
1,,-101.0,33.000000000000014,0.0,3
2,,1e+72,33.000000000000014,0.0,7
