,key,x,y,wait,move_index
0,,-135.1764705882353,-19,0,2
1,,-135.1764705882353,-19,5.0,3
2,,-35.176470588235304,-19.0,0.0,6
