,key,x,y,wait,move_index
0,,-44.0,-57.99999999999998,0,2
1,,-44.0,-57.99999999999998,2.0,3
2,,-44.0,-57.99999999999998,2.0,4
3,,-44.0,-57.99999999999998,2.0,5
4,,56.0,-57.99999999999998,0.0,6
