,key,x,y,wait,move_index
0,,-94.0,-71.00000000000001,0,2
1,,-94.0,-71.00000000000001,2.0,4
2,,-94.0,-71.00000000000001,2.0,6
3,,-94.0,-71.00000000000001,0,8
4,,-94.0,-71.00000000000001,0,10
