,key,x,y,wait,move_index
0,,-100.0,-32.00000000000003,0,2
1,,-100.0,-32.00000000000003,2.0,4
2,,-94.0,-32.00000000000003,0.0,5
3,,-94.0,-32.00000000000003,5.0,6
4,,-94.0,-32.00000000000003,3.0,8
5,,-94.0,-32.00000000000003,2.0,9
6,,-94.0,-32.00000000000003,2.0,10
