,key,x,y,wait,move_index
0,,121.99965940056664,6.001981689884019,0,2
1,,-162.0,-38.0,0.0,3
2,,-162.0,-38.0,1.0,5
3,,133.0,-42.0,0.0,6
4,,133.0,-42.0,3.0,8
