,key,x,y,wait,move_index
0,,-91.05367142646324,-138.4766226353699,0,2
1,,-91.05367142646324,-138.4766226353699,0,5
