,key,x,y,wait,move_index
0,,-153.9999933878585,180,0,2
1,,-153.9999933878585,180,0,36
