,key,x,y,wait,move_index
0,,-13.0,114.20768737792969,0,2
1,,-3.0,114.20768737792969,0.0,3
2,,7.0,114.20768737792969,0.0,4
3,,7.0,114.20768737792969,2.0,7
