,key,x,y,wait,move_index
0,,6.911106084721132,19.05828642955506,0,2
1,,16.570364347611815,21.646476880580266,0.0,3
2,,16.570364347611815,21.646476880580266,2.0,4
3,,16.570364347611815,21.646476880580266,2.0,5
4,,16.570364347611815,21.646476880580266,2.0,6
5,,16.570364347611815,21.646476880580266,2.0,8
6,,16.570364347611815,21.646476880580266,2.0,9
7,,16.570364347611815,21.646476880580266,2.0,11
8,,16.570364347611815,21.646476880580266,2.0,13
