,key,x,y,wait,move_index
0,,-155.66656494140625,-52.66668701171875,0,2
1,,-70.66656494140625,-52.66668701171875,0.0,3
