,key,x,y,wait,move_index
0,,-177.31048583984375,-95.11788940429688,0,2
1,,-177.31048583984375,-95.11788940429688,2.0,3
2,,-177.31048583984375,-95.11788940429688,1.0,4
3,,-176.31048583984375,-95.11788940429688,0.0,5
4,,-176.31048583984375,-95.11788940429688,3.0,7
5,,-176.31048583984375,-95.11788940429688,2.0,9
