,key,x,y,wait,move_index
0,,-100.79060430702684,156.99727283674088,0,2
1,,-97.89282682815963,157.77372997204844,0.0,3
