,key,x,y,wait,move_index
0,,192.14296625147884,56.01346236208026,0,2
1,,0.0,0.0,0.0,3
2,,0.0,0.0,0,6
3,,0.0,0.0,2.0,12
4,,0.0,0.0,0,14
