,key,x,y,wait,move_index
0,,-44.0724345707787,19.828887447051212,0,2
1,,-44.0724345707787,19.828887447051212,2.0,3
2,,-44.0724345707787,19.828887447051212,2.0,4
3,,-44.0724345707787,19.828887447051212,2.0,5
4,,150.0,-50.0,1.0,7
5,,150.0,-50.0,2.0,8
6,,150.0,-50.0,0,10
7,,-40.0,20.0,1.0,12
