,key,x,y,wait,move_index
0,,10.00307487765649,-33.21580227211237,0,2
1,,110.0,-34.0,0.0,3
2,,110.0,-34.0,2.0,5
3,,110.0,-34.0,2.0,6
4,,110.0,-34.0,2.0,7
5,,110.0,-34.0,2.0,10
6,,110.0,-34.0,2.0,11
7,,110.0,-34.0,2.0,12
