,key,x,y,wait,move_index
0,,-50.000000000000014,-49.99999999999995,0,2
1,,-50.0,-50.0,0.0,5
2,,50.0,-50.0,0.0,14
3,,50.00000000000001,-150.0,0.0,16
4,,-49.99999999999999,-150.0,0.0,18
5,,-50.000000000000014,-50.0,0.0,20
6,,46.592582628906825,-75.88190451025203,0.0,24
7,,20.71067811865481,-172.47448713915887,0.0,26
8,,-75.88190451025203,-146.59258262890685,0.0,28
9,,-50.00000000000002,-50.000000000000014,0.0,30
