,key,x,y,wait,move_index
0,,-176.0,100.00000000000004,0,2
1,,-176.0,100.0,0.0,3
2,,184.0,100.0,0.0,6
3,,184.0,100.0,1.0,7
4,,184.0,100.0,1.0,9
5,,184.0,302.0,0.0,10
6,,184.0,302.0,1.0,11
7,,-176.0,302.00000000000006,0.0,13
8,,-176.0,302.00000000000006,1.0,14
9,,-176.0,302.00000000000006,1.0,16
10,,-176.00000000000003,100.00000000000006,0.0,17
11,,-176.00000000000003,100.00000000000006,1.0,18
