,key,x,y,wait,move_index
0,,0.6666666666667476,0,0,2
1,,0.6666666666667476,0,0.02,9
2,,0.6666666666667476,0,0.02,12
3,,0.6666666666667476,0,0.02,14
4,,0.6666666666667476,0,0.02,28
5,,0.6666666666667476,0,3.5,82
6,,0.6666666666667476,0,0,86
