,key,x,y,wait,move_index
0,,-98.0,148.3333282470703,0,2
1,,-88.0,148.3333282470703,0.0,3
2,,-88.0,148.3333282470703,1.0,10
