,key,x,y,wait,move_index
0,,-0.1734652920378672,0.2874970087411066,0,2
1,,0.0,0.0,0.0,4
