,key,x,y,wait,move_index
0,,7.442935157087049e-13,-1.1368683772161603e-13,0,2
1,,0.0,0.0,0.0,6
