,key,x,y,wait,move_index
0,,99.99999999999996,100.00000000000006,0,2
1,,100.0,100.0,0.0,5
2,,4.263256414560601e-14,273.20508075688775,0.0,10
3,,4.263256414560601e-14,273.20508075688775,0.5,11
4,,-100.00000000000004,100.00000000000009,0.0,13
5,,-100.00000000000004,100.00000000000009,0.5,14
6,,99.99999999999996,100.00000000000004,0.0,16
7,,99.99999999999996,100.00000000000004,0.5,17
