,key,x,y,wait,move_index
0,,-140.0000006993612,15.352941176470587,0,2
