,key,x,y,wait,move_index
0,,-49.99999999999994,-226.10012117400345,0,2
1,,-50.0,-100.0,0.0,5
