,key,x,y,wait,move_index
0,,6.000000000000028,88.00000000000003,0,2
1,,306.0,88.00000000000003,0.0,3
2,,306.0,88.00000000000003,0.5,4
3,,306.0,-11.999999999999972,0.0,6
4,,306.0,-11.999999999999972,0.5,7
5,,206.0,-11.999999999999984,0.0,9
6,,206.0,-11.999999999999984,0.5,10
7,,205.99999999999997,188.00000000000003,0.0,12
8,,205.99999999999997,188.00000000000003,1.0,13
9,,5.999999999999972,188.0,0.0,15
10,,5.999999999999972,188.0,0.5,16
11,,5.999999999999978,88.0,0.0,18
