,key,x,y,wait,move_index
0,,-100.0,2.4492935982947064e-14,0,2
1,,-100.0,0.0,0.0,4
2,,-100.0,0.0,2.0,6
3,,100.0,0.0,0.0,7
4,,100.0,0.0,2.0,8
5,,-100.0,2.4492935982947064e-14,0.0,10
6,,-100.0,2.4492935982947064e-14,2.0,11
