,key,x,y,wait,move_index
0,,-180.0,2.842170943040401e-14,0,2
1,,-130.0,2.842170943040401e-14,0.0,8
2,,-130.0,-49.99999999999997,0.0,10
3,,-180.0,-49.99999999999998,0.0,12
4,,-180.0,2.1316282072803006e-14,0.0,14
