,key,x,y,wait,move_index
0,,-99.82352941176472,26.176470588235293,0,5
1,,-99.82352941176472,26.176470588235293,0,2
2,,-99.82352941176472,26.176470588235293,2.0,3
