,key,x,y,wait,move_index
0,,-145.0,-1,0,2
1,,-145.0,-1,5.0,3
2,,-145.0,-1,2.0,4
3,,-131.01804131112223,-0.2894852411695992,0.0,7
4,,-131.01804131112223,-0.2894852411695992,0.0,8
5,,6.0,0.0,0.0,9
6,,6.0,0.0,5.0,10
7,,6.0,12.0,0.0,11
