,key,x,y,wait,move_index
0,,-9.0498046875,6.04736328125,0,2
