,key,x,y,wait,move_index
0,,-112,-3.999999999999924,0,2
1,,-122.0,-3.9999999999999227,0.0,3
2,,-122.0,-3.9999999999999227,2.0,8
