,key,x,y,wait,move_index
0,,204.375,156.00000000000006,0,2
1,,204.375,156.00000000000006,0,6
