,key,x,y,wait,move_index
0,,-149.60000000000002,-29.084000000000003,0,2
1,,35.0,-114.0,0.0,4
2,,35.0,-114.0,1.0,10
3,,35.0,-114.0,0.0,11
4,,35.0,-114.0,1.0,17
5,,35.0,-114.0,0.0,18
6,,35.0,-114.0,1.0,24
7,,35.0,-114.0,0.0,25
8,,35.0,-114.0,1.0,31
9,,35.0,-114.0,0.0,32
10,,35.0,-114.0,1.0,38
