,key,x,y,wait,move_index
0,,-70.0,-99.99999999999997,0,2
1,,-70.0,-100.0,0.0,4
2,,-70.0,-50.0,0.0,8
3,,-20.0,-50.0,0.0,10
4,,-19.999999999999996,0.0,0.0,12
5,,30.000000000000004,0.0,0.0,14
6,,30.000000000000007,50.0,0.0,16
7,,80.0,50.0,0.0,18
8,,80.0,100.0,0.0,20
9,,130.0,100.0,0.0,22
10,,130.0,-100.0,0.0,24
11,,-70.0,-99.99999999999997,0.0,26
