,key,x,y,wait,move_index
0,,112.0,80.00000000000001,0,2
1,,100.0,100.0,0.0,9
2,,300.0,100.0,0.0,12
3,,300.0,300.0,0.0,14
4,,100.0,300.0,0.0,16
5,,99.99999999999996,100.0,0.0,18
6,,0.0,0.0,0.0,24
7,,0.0,0.0,0.0,27
8,,0.0,0.0,0.0,29
9,,0.0,0.0,0.0,31
10,,0.0,0.0,0.0,33
11,,0.0,0.0,0.0,39
12,,0.0,0.0,0.0,42
13,,0.0,0.0,0.0,44
14,,0.0,0.0,0.0,46
15,,0.0,0.0,0.0,48
