,key,x,y,wait,move_index
0,,-35.0,-72.31211508933856,0,2
1,,-35.0,-72.31211508933856,2.0,3
2,,-35.0,-72.31211508933856,2.0,5
3,,-35.0,-72.31211508933856,2.0,6
4,,-40.0,-82.0,0.0,10
5,,-48.022487842799954,-87.96989855961782,0.0,13
6,,-35.0,-87.96989855961782,0.0,16
