,key,x,y,wait,move_index
0,,-99.39058011260052,54.31951230073508,0,2
