,key,x,y,wait,move_index
0,,-1,-127,0,2
1,,-6.883484054145543,-156.4174202707276,0.0,3
2,,-6.883484054145543,-156.4174202707276,20.0,6
