,key,x,y,wait,move_index
0,,-230.9279857013809,176.32380752759659,0,2
