,key,x,y,wait,move_index
0,,0.0,0,0,2
1,,150.0,0.0,0.0,3
2,,150.0,0.0,0.5,6
3,,0.0,0.0,3.0,7
4,,-10.0,-1.2246467991473533e-15,0.0,8
5,,-10.0,-1.2246467991473533e-15,0.5,9
6,,-10.0,-1.2246467991473533e-15,2.0,11
7,,0.0,0.0,0.0,13
