,key,x,y,wait,move_index
0,,-36.00102179830016,43.001486267413014,0,2
