,key,x,y,wait,move_index
0,,76.97777478867205,29.235428646924383,0,2
1,,86.63703305156274,26.647238195899178,0.0,3
2,,86.63703305156274,26.647238195899178,0,5
