,key,x,y,wait,move_index
0,,-9.346243295368788,-34.880654838216344,0,2
1,,0.0,0.0,0.0,6
