,key,x,y,wait,move_index
0,,140.1049617768322,129.13084403667918,0,2
1,,0.0,0.0,0.0,3
