,key,x,y,wait,move_index
0,,-10.0,-99.99999999999996,0,2
1,,-10.0,-99.99999999999996,0.0,3
2,,-10.0,-100.0,0.0,4
3,,-10.0,-100.0,4.0,8
