,key,x,y,wait,move_index
0,,-68.6306493237737,-157.6167993901421,0,2
1,,-71.21883977479891,-167.27605765303278,0.0,3
2,,-71.21883977479891,-177.27605765303278,0.0,5
