,key,x,y,wait,move_index
0,,51.04209168152544,48.47587241411353,0,2
1,,101.01953931406669,46.97429719568578,0.0,5
2,,102.52111453249445,96.95174482822704,0.0,7
3,,2.566219267411938,99.95489526508256,0.0,9
4,,-0.43693116944358845,4.263256414560601e-14,0.0,11
5,,99.51796409563893,-3.00315043685549,0.0,13
