,key,x,y,wait,move_index
0,,-105.23688550569102,-13.042417199080237,0,2
1,,-95.83995929783194,-16.462618632336923,0.0,3
2,,-105.23688550569102,-13.042417199080237,0.0,5
