,key,x,y,wait,move_index
0,,144.97303934200409,73.75405730966625,0,2
1,,144.97303934200409,73.75405730966625,0,4
2,,144.97303934200409,73.75405730966625,0,6
3,,144.97303934200409,73.75405730966625,50.0,7
4,,144.97303934200409,73.75405730966625,0,10
5,,144.97303934200409,73.75405730966625,50.0,11
