,key,x,y,wait,move_index
0,,-168.28383529316037,-50.608551329492315,0,2
