,key,x,y,wait,move_index
0,,6.123233995736766e-15,1.4210854715202004e-14,0,2
1,,0.0,0.0,0.0,5
