,key,x,y,wait,move_index
0,,-86.58690656936251,-18.369788633965182,0,2
