,key,x,y,wait,move_index
0,,0.0,0,0,2
1,,100.0,0.0,0.0,5
2,,29.579265582116363,-132.44213892883903,0.0,7
3,,-70.42073441788364,-132.44213892883903,0.0,9
4,,-7.105427357601002e-14,2.842170943040401e-14,0.0,11
