,key,x,y,wait,move_index
0,,123.0,-93,0,2
1,,51.0,-86.0,3.0,4
2,,-184.0,-79.0,1.0,9
3,,-79.0,-68.0,1.0,11
4,,123.0,-93.0,1.0,13
5,,171.54160747666862,-81.01199167580246,0.0,20
6,,14.0,-76.0,1.0,23
