,key,x,y,wait,move_index
0,,197.0,9,0,2
1,,187.70193386928727,12.680484510073782,0.0,3
2,,187.70193386928727,12.680484510073782,2.0,7
3,,187.70193386928727,12.680484510073782,5.0,9
