,key,x,y,wait,move_index
0,,4.747053798287464e-14,1.2079226507921703e-13,0,2
1,,4.747053798287464e-14,1.2079226507921703e-13,0,6
