,key,x,y,wait,move_index
0,,3.613109811340109e-12,3.595346242946107e-12,0,2
1,,100.00000000000361,3.595346242946107e-12,0.0,7
2,,130.90169943749837,-95.10565162951175,0.0,9
3,,50.00000000000364,-153.88417685875908,0.0,11
4,,-30.901699437491118,-95.10565162951178,0.0,13
5,,3.6060043839825084e-12,3.581135388230905e-12,0.0,15
6,,100.00000000000361,3.605628324213852e-12,0.0,17
