,key,x,y,wait,move_index
0,,-207.0,-111,0,2
1,,-207.0,-111.0,0.0,3
2,,-207.0,-111.0,0,11
3,,-107.0,-111.0,0.0,15
4,,-107.0,-111.0,1.0,17
5,,-156.99999999999997,-197.60254037844388,0.0,18
6,,-156.99999999999997,-197.60254037844388,1.0,20
7,,-207.0,-111.00000000000004,0.0,21
8,,-207.0,-111.00000000000004,1.0,23
