,key,x,y,wait,move_index
0,,22.0,-69,0,2
1,,153.0,-17.0,0.0,4
2,,153.0,-17.0,3.0,5
3,,153.0,-17.0,4.0,7
4,,143.79800171125532,-13.085510570465127,0.0,14
5,,22.0,-69.0,1.0,15
6,,22.0,-69.0,5.0,17
