,key,x,y,wait,move_index
0,,190.57721246570912,-122.87564989041407,0,2
1,,0.0,0.0,0.0,4
