,key,x,y,wait,move_index
0,,117.09719319280876,85.84009997804404,0,2
