,key,x,y,wait,move_index
0,,65.55460791069905,72.02901202180934,0,5
1,,65.55460791069905,72.02901202180934,0,2
