,key,x,y,wait,move_index
0,,-40.63723106969833,-59.60867839629828,0,6
1,,-5.471429505663714,-142.45411520701794,0.0,8
2,,-5.471429505663714,-142.45411520701794,1.0,9
3,,-80.95178062075189,-191.47162835837037,0.0,11
4,,-80.95178062075189,-191.47162835837037,1.0,12
5,,-101.07987425144206,-204.54296519873103,0.0,13
6,,-101.07987425144206,-204.54296519873103,1.0,15
7,,2.920125748557936,-204.54296519873105,0.0,17
8,,2.920125748557936,-204.54296519873105,0,2
9,,-150.0,45.0,0.0,3
