,key,x,y,wait,move_index
0,,82.99999999999999,-21.06601717798209,0,2
1,,-100.0,-50.0,0.0,4
