,key,x,y,wait,move_index
0,,4.319999999999993,-14.604,0,2
1,,4.319999999999993,-14.604,0,37
2,,-110.0,0.0,0.0,39
