,key,x,y,wait,move_index
0,,-55.10692367139535,-180.42194485612356,0,2
