,key,x,y,wait,move_index
0,,-184.7691456345905,-18.553480999993013,0,2
1,,0.0,-100.0,0.0,4
