,key,x,y,wait,move_index
0,,-108,-58,0,2
1,,-108,-58,3.0,3
2,,-108,-58,1.0,5
3,,-108,-58,1.0,7
4,,-108,-58,1.0,9
5,,-108,-58,0,11
6,,-98.34074173710931,-60.588190451025206,0.0,12
