,key,x,y,wait,move_index
0,,3.552713678800501e-15,8.881784197001252e-15,0,2
1,,0.0,0.0,0.0,4
