,key,x,y,wait,move_index
0,,-186.8280622677689,1.991465798873938,0,7
1,,-186.8280622677689,1.991465798873938,0,2
