,key,x,y,wait,move_index
0,,25.83818231893337,179.58902892458846,0,2
