,key,x,y,wait,move_index
0,,2.4780177909633494e-13,1.0658141036401503e-12,0,2
1,,0.0,0.0,0.0,6
