,key,x,y,wait,move_index
0,,-17.897723286765014,-24.564120446530353,0,2
