,key,x,y,wait,move_index
0,,6.694091796875,-63.649444580078125,0,2
