,key,x,y,wait,move_index
0,,-36.769552622400006,-45.25483399680001,0,2
1,,0.0,0.0,0.0,3
