,key,x,y,wait,move_index
0,,-82.0,111.00000000000065,0,2
1,,8.0,111.00000000000065,0.0,6
2,,35.81152949374527,196.59508646656445,0.0,8
3,,-36.999999999999986,249.49575917288706,0.0,10
4,,-109.81152949374527,196.59508646656448,0.0,12
5,,-82.00000000000001,111.00000000000065,0.0,14
