,key,x,y,wait,move_index
0,,-140.1471862576143,-11.147186257614296,0,2
1,,-126.00505063388334,2.9949493661166535,0.0,3
2,,-126.00505063388334,2.9949493661166535,1.0,6
3,,-111.86291501015239,17.1370849898476,0.0,8
4,,-111.86291501015239,17.1370849898476,1.0,10
5,,-97.72077938642144,31.279220613578552,0.0,12
