,key,x,y,wait,move_index
0,,181.0,-119.99999999999997,0,2
1,,181.0,-120.0,0.0,5
2,,-19.0,-119.99999999999997,0.0,9
3,,-19.000000000000018,-219.99999999999997,0.0,11
4,,180.99999999999997,-220.00000000000003,0.0,13
5,,181.0,-120.00000000000003,0.0,15
