,key,x,y,wait,move_index
0,,199.99999999999997,3.552713678800501e-14,0,2
1,,-200.0,0.0,0.0,6
2,,0.0,0.0,0.0,181
3,,200.0,0.0,0.0,353
