,key,x,y,wait,move_index
0,,148.7469332506441,-50.39091490157404,0,2
