,key,x,y,wait,move_index
0,,6.123233995736766e-15,1.4210854715202004e-14,0,2
1,,0.0,0.0,0.0,3
2,,100.0,0.0,0.0,8
3,,100.0,0.0,0.5,9
4,,100.0,0.0,0.5,11
5,,100.0,100.0,0.0,12
6,,100.0,100.0,0.5,13
7,,100.0,100.0,0.5,15
8,,0.0,100.00000000000001,0.0,16
9,,0.0,100.00000000000001,0.5,17
10,,0.0,100.00000000000001,0.5,19
11,,-1.8369701987210297e-14,1.4210854715202004e-14,0.0,20
12,,-1.8369701987210297e-14,1.4210854715202004e-14,0.5,21
13,,-1.8369701987210297e-14,1.4210854715202004e-14,0.5,23
