,key,x,y,wait,move_index
0,,-100.3529411764706,39.58823529411765,0,2
1,,-118.0,49.0,0.0,3
