,key,x,y,wait,move_index
0,,-49.99999999999999,100.00000000000003,0,2
1,,-49.99999999999999,100.00000000000003,1.0,5
2,,-50.0,100.0,0.0,7
