,key,x,y,wait,move_index
0,,184.9144334069071,-84.35114009500877,0,2
1,,0.0,130.0,0.0,3
