,key,x,y,wait,move_index
0,,244.0,-139.76230753241225,0,2
1,,244.0,-139.76230753241225,0.2,12
2,,244.0,-139.76230753241225,0.2,15
3,,244.0,-139.76230753241225,0.2,18
4,,244.0,-139.76230753241225,0.2,21
5,,244.0,-139.76230753241225,0.2,24
6,,244.0,-139.76230753241225,0.2,27
7,,244.0,-139.76230753241225,0.2,30
8,,244.0,-139.76230753241225,0.2,33
9,,244.0,-139.76230753241225,0.2,36
10,,244.0,-139.76230753241225,0.2,39
