,key,x,y,wait,move_index
0,,74.59500117329786,20.07858059712683,0,2
1,,0.0,0.0,0.0,3
2,,0.0,0.0,0,6
3,,0.0,0.0,2.0,12
