,key,x,y,wait,move_index
0,,344.8500000000058,0,0,2
1,,344.8500000000058,0,0,9
2,,344.8500000000058,0,0,12
3,,344.8500000000058,0,0,15
