,key,x,y,wait,move_index
0,,-1.7763568394002505e-15,5.030199466000001,0,2
