,key,x,y,wait,move_index
0,,-55.44015944733421,123.25685936025253,0,2
