,key,x,y,wait,move_index
0,,-0.99999987284342,-3.9159698486328125,0,2
