,key,x,y,wait,move_index
0,,0.0,2,0,2
1,,0.19267564997925718,11.998143632390219,0.0,3
2,,0.19267564997925718,11.998143632390219,1.0,5
3,,191.0,50.0,0.0,6
4,,191.0,50.0,1.0,7
5,,0.0,2.0,0.0,10
