,key,x,y,wait,move_index
0,,296.0,5.882352941176482,0,2
1,,316.0,5.882352941176482,0.0,8
2,,336.0,5.882352941176482,0.0,10
3,,356.0,5.882352941176482,0.0,12
4,,376.0,5.882352941176482,0.0,14
5,,396.0,5.882352941176482,0.0,16
6,,416.0,5.882352941176482,0.0,18
7,,436.0,5.882352941176482,0.0,20
8,,456.0,5.882352941176482,0.0,22
9,,476.0,5.882352941176482,0.0,24
10,,496.0,5.882352941176482,0.0,26
