,key,x,y,wait,move_index
0,,-140.80157111672796,54.5463041417739,0,2
