,key,x,y,wait,move_index
0,,0,0,0,2
1,,8.295145779767136,-5.584850624001637,0.0,3
2,,0.0,0.0,0.0,7
3,,0.0,0.0,1.0,8
4,,0.0,0.0,1.0,9
5,,10.0,0.0,0.0,12
6,,0.0,0.0,0.0,13
7,,0.0,10.0,0.0,14
8,,0.0,0.0,0.0,15
9,,0.0,0.0,2.0,18
10,,0.0,0.0,2.0,20
11,,0.0,0.0,1.0,33
