,key,x,y,wait,move_index
0,,14.365193677142068,-32.26475326311734,0,2
1,,0.0,0.0,0.0,3
