,key,x,y,wait,move_index
0,,100.28616776601248,-4.765293611947978,0,2
