,key,x,y,wait,move_index
0,,-22.117647058823536,-102.17647058823529,0,2
1,,168.0,-53.0,0.0,4
2,,168.0,-53.0,26.0,5
3,,168.0,-53.0,2.0,11
4,,168.0,-53.0,0,13
5,,-22.0,-102.0,0.0,14
