,key,x,y,wait,move_index
0,,-42.70231373481505,-144.05154452267118,0,2
1,,0.0,-120.0,0.0,6
2,,0.0,-120.0,0,10
3,,1.2246467991473533e-15,-100.0,0.0,12
