,key,x,y,wait,move_index
0,,11.863653638407836,-52.968818133752535,0,2
