,key,x,y,wait,move_index
0,,1.5631940186722204e-13,7.549516567451064e-13,0,2
1,,0.0,0.0,0.0,3
2,,0.0,0.0,0,9
3,,0.0,0.0,0,84
