,key,x,y,wait,move_index
0,,126.99998652140384,-51.99999059041417,0,2
