,key,x,y,wait,move_index
0,,-55.056000119292,14.85088487178853,0,2
1,,-45.056000119292,14.85088487178853,0.0,3
2,,-45.056000119292,14.85088487178853,2.0,4
3,,-22.074666825722662,-4.432743418807647,0.0,6
4,,-22.074666825722662,-4.432743418807647,2.0,7
