,key,x,y,wait,move_index
0,,6.123233995736766e-15,1.4210854715202004e-14,0,2
1,,0.0,0.0,0.0,6
2,,100.0,0.0,0.0,11
3,,100.0,100.0,0.0,13
4,,0.0,100.00000000000001,0.0,15
5,,-1.8369701987210297e-14,1.4210854715202004e-14,0.0,17
