,key,x,y,wait,move_index
0,,-49.99999999999999,-49.99999999999998,0,2
1,,-50.0,-50.0,0.0,7
