,key,x,y,wait,move_index
0,,124,-129.20001220703125,0,2
1,,124,-129.20001220703125,0,187
