,key,x,y,wait,move_index
0,,-204.40593942719104,180.19999684674633,0,2
1,,-204.40593942719104,180.19999684674633,3.0,7
2,,-204.40593942719104,180.19999684674633,3.0,10
3,,-204.40593942719104,180.19999684674633,3.0,13
4,,-204.40593942719104,180.19999684674633,3.0,16
5,,-204.40593942719104,180.19999684674633,3.0,19
