,key,x,y,wait,move_index
0,,4.898587196589413e-15,-20,0,2
1,,0.0,-100.0,0.0,5
2,,4.898587196589413e-15,-20.0,0.0,14
