,key,x,y,wait,move_index
0,,-9.763760707340452,-92.40611288180082,0,2
1,,-21.610791096634948,-38.69719489833059,0.0,6
2,,-75.29437308827967,-26.735881235260038,0.0,8
3,,-108.82266690963161,-70.33466004188595,0.0,10
4,,-83.47842342580924,-119.14725393150349,0.0,12
5,,-28.528249351925204,-116.80666228624727,0.0,14
