,key,x,y,wait,move_index
0,,-148.96038880439858,-103.78822148180465,0,2
1,,-152.0150659480167,-94.2661971409275,0.0,4
2,,-152.0150659480167,-94.2661971409275,3.0,6
3,,-155.06974309163485,-84.74417280005035,0.0,7
4,,-155.06974309163485,-84.74417280005035,3.0,9
5,,-158.12442023525298,-75.2221484591732,0.0,10
