,key,x,y,wait,move_index
0,,0.0103245437389757,-0.009300330747363826,0,2
1,,0.0,0.0,0.0,3
2,,0.0,0.0,0.5,5
