,key,x,y,wait,move_index
0,,-9.630467179371375e-10,-9.40249788748984e-10,0,2
1,,-9.630467179371375e-10,-9.40249788748984e-10,0,67
