,key,x,y,wait,move_index
0,,-100.2031466700007,122.53887309060019,0,2
1,,0.0,0.0,0.0,3
