,key,x,y,wait,move_index
0,,175.0125504560332,-102.53808400532267,0,2
1,,-209.0,143.0,0.0,5
2,,-209.0,143.0,2.0,10
