,key,x,y,wait,move_index
0,,113.28378535360667,-48.7665663540426,0,2
1,,88.44431323845379,-51.59510396923209,0.0,5
2,,88.44431323845379,-51.59510396923209,0.5,6
3,,88.44431323845379,-51.59510396923209,2.0,7
4,,88.44431323845379,-51.59510396923209,0.5,8
5,,88.44431323845379,-51.59510396923209,1.0,9
