,key,x,y,wait,move_index
0,,146.87095356168376,110.07878043423365,0,2
