,key,x,y,wait,move_index
0,,-107.87350923895669,-84.03163244296287,0,2
1,,-107.87350923895669,-84.03163244296287,1.0,4
2,,-107.87350923895669,-84.03163244296287,1.0,6
