,key,x,y,wait,move_index
0,,-100.0,100,0,2
1,,0.0,0.0,0.0,3
2,,0.0,0.0,2.0,4
3,,-30.0,3.67394039744206e-15,0.0,6
4,,-30.000000000000007,-29.999999999999996,0.0,8
5,,-7.105427357601002e-15,-30.000000000000004,0.0,10
6,,2.079423636004147e-15,-3.552713678800501e-15,0.0,12
7,,-100.0,100.0,0.0,14
8,,-100.0,100.0,3.0,15
