,key,x,y,wait,move_index
0,,-4.6988525390625,-7.0993499755859375,0,2
