,key,x,y,wait,move_index
0,,27.5396987534062,33.69883548749253,0,2
1,,-173.0,49.0,0.0,8
