,key,x,y,wait,move_index
0,,-14.75641182056933,-24.14702680628069,0,2
