,key,x,y,wait,move_index
0,,-159.89252162892163,-81.14604454556608,0,2
1,,-149.89926516770407,-80.77885889724449,0.0,4
2,,-149.89926516770407,-80.77885889724449,2.0,5
3,,-149.89926516770407,-80.77885889724449,2.0,7
4,,-139.90600870648652,-80.4116732489229,0.0,8
5,,-139.90600870648652,-80.4116732489229,3.0,10
6,,-129.91275224526896,-80.0444876006013,0.0,11
7,,-119.91949578405139,-79.6773019522797,0.0,16
8,,-110.17171664055729,-81.90907294628012,0.0,20
