,key,x,y,wait,move_index
0,,2.030066428011729,-60.04968620682492,0,2
1,,-2.9699335719882756,-68.70994024466931,0.0,3
2,,-2.9699335719882756,-68.70994024466931,2.0,7
3,,-5.558124023013482,-78.36919850756,0.0,8
4,,-5.558124023013482,-78.36919850756,2.0,12
