,key,x,y,wait,move_index
0,,7.105427357601002e-15,-1.0658141036401503e-14,0,2
1,,0.0,0.0,0.0,6
