,key,x,y,wait,move_index
0,,-172.0,114.00000000000007,0,2
1,,-172.0,14.000000000000071,0.0,5
2,,-172.0,14.000000000000071,1.0,6
3,,-72.0,14.000000000000071,0.0,8
4,,-72.0,14.000000000000071,1.0,9
5,,-72.0,114.00000000000007,0.0,11
6,,-72.0,114.00000000000007,1.0,12
7,,-172.0,114.00000000000009,0.0,14
8,,-172.0,114.00000000000009,1.0,15
