key,x,y,wait,move_index,271000489
,-7.0,3.6500000000000057,2.0,2
,-7.0,3.6500000000000057,2.0,2
,-7.0,3.6500000000000057,2.0,2
