key,x,y,wait,move_index,271056864
,-124.0,95.0,0.0,2
,-37.39745962155612,145.0,0.0,2
,-37.39745962155612,145.0,0.0,2
