key,x,y,wait,move_index,271022774
,193.35,-3.3499999999999943,0.0,2
,193.35,-3.3499999999999943,1.0,2
