key,x,y,wait,move_index,271057944
,0.0,0.0,0.0,2
,6.123233995736766e-15,-100.0,0.0,2
,6.123233995736766e-15,-100.0,0.0,2
,6.123233995736766e-15,-100.0,0.0,2
