key,x,y,wait,move_index,271058144
,-77.72464125937383,-79.35831044495168,0.0,2
,-77.72464125937383,-79.35831044495168,0.0,2
,-77.72464125937383,-79.35831044495168,0.0,2
,-120.70506539319395,-180.6138443247201,0.0,2
,-120.70506539319395,-180.6138443247201,0.0,2
,-120.70506539319395,-180.6138443247201,0.0,2
,-67.37600716609688,-84.40567653938656,0.0,2
,-67.37600716609688,-84.40567653938656,0.0,2
,-67.37600716609688,-84.40567653938656,0.0,2
