key,x,y,wait,move_index,271022982
,0.0,0.0,0.0,2
,-6.56852237473368,-7.5401932211729825,0.0,2
,-6.56852237473368,-7.5401932211729825,2.0,2
