key,x,y,wait,move_index,271097892
,0.0,0,0.0,2
,6.123233995736766e-16,10.0,0.0,2
,6.123233995736766e-16,10.0,0.1,2
,0.0,0.0,0.0,2
,0.0,0.0,0.1,2
,0.0,0.0,0.0,2
,0.0,0.0,1.0,2
,0.0,0.0,0.0,2
,0.0,0.0,1.0,2
,0.0,0.0,3.0,2
,0.0,0.0,0.0,2
,0.0,0.0,1.0,2
,0.0,0.0,3.0,2
,0.0,0.0,0.0,2
,0.0,0.0,1.0,2
,0.0,0.0,3.0,2
,0.0,0.0,0.0,2
,0.0,0.0,1.0,2
,0.0,0.0,3.0,2
,0.0,0.0,0.0,2
,0.0,0.0,1.0,2
,0.0,0.0,3.0,2
,0.0,0.0,0.0,2
