key,x,y,wait,move_index,271006948
,8.023346453163162,-40.01673348264134,0.0,2
