key,x,y,wait,move_index,271115466
,-174.0,155.0,0.0,2
,-169.0,23.0,0.1,2
,-86.0,12.0,0.1,2
,-86.0,12.0,0.0,2
,-71.44618164275684,-56.470332051366384,0.0,2
,-71.44618164275684,-56.470332051366384,0.0,2
,27.0,118.0,0.1,2
,39.0,43.0,0.1,2
,140.0,43.0,0.1,2
,140.0,43.0,0.0,2
,144.0,-58.0,0.1,2
,144.0,-58.0,0.0,2
,52.0,-52.0,0.1,2
,40.0,-20.0,0.1,2
,23.0,0.0,0.1,2
,-20.0,-60.0,0.1,2
,-23.0,-100.0,0.1,2
,-145.0,-101.0,0.1,2
,-145.0,-101.0,0.0,39
