key,x,y,wait,move_index,271313724
,-45.6696271639716,138.01830692734444,0.0,2
,-49.41226785109088,134.70279178077683,0.0,2
,-49.41226785109088,134.70279178077683,0.0,2
,-54.31124733665724,133.70279178077683,0.0,2
,-54.31124733665724,133.70279178077683,0.0,2
,-58.784479099123594,131.46891676205664,0.0,2
,-58.784479099123594,131.46891676205664,0.0,2
