key,x,y,wait,move_index,400031582
,-179.0,5.0000000000000036,0.0,2
,-179.0,5.0000000000000036,0.0,5
