key,x,y,wait,move_index,400021888
,299.0,-97.3159879578121,4.0,2
,299.0,-97.3159879578121,1.0,2
,1e+75,-97.3159879578121,0.0,2
