key,x,y,wait,move_index,400042877
,4.999999999999995,19.666656494140625,0.25,2
,4.999999999999995,19.666656494140625,0.25,2
