key,x,y,wait,move_index,400028920
,250.0,-12.82352941176471,0.0,2
,240.0,-12.82352941176471,0.0,2
