key,x,y,wait,move_index,400035334
,-19.00000000000003,-100,2.0,2
,80.99999999999997,-100.0,0.0,2
