key,x,y,wait,move_index,400000063
,-124.00000712164864,-50.999981517264146,2.0,2
,-124.00000712164864,-50.999981517264146,2.0,2
,-124.00000712164864,-50.999981517264146,4.0,2
,-124.00000712164864,-50.999981517264146,3.0,2
,-124.00000712164864,-50.999981517264146,5.0,2
,-124.00000712164864,-50.999981517264146,8.0,2
,-124.00000712164864,-50.999981517264146,2.0,2
