key,x,y,wait,move_index,400003421
,-42.0,-56.000000000000014,2.0,2
,-42.0,-56.000000000000014,1.0,2
,-42.0,-56.000000000000014,2.0,2
,-42.0,-56.000000000000014,2.0,2
