key,x,y,wait,move_index,400038671
,15.000000000000014,25.000000000000004,5.0,2
,15.000000000000014,25.000000000000004,0.5,2
,15.000000000000014,25.000000000000004,0.999,2
