key,x,y,wait,move_index,400052798
,-22.999999999999996,-98.99999999999999,2.0,2
,-22.999999999999996,-98.99999999999999,2.0,2
