key,x,y,wait,move_index,400013691
,-41.53730293333869,-83.57660079343646,0.0,2
,-34.46623512147321,-76.50553298157098,0.0,2
