key,x,y,wait,move_index,400083800
,-114.66423798151388,36.78399392182778,0.0,2
,-104.05763626371566,47.39059563962599,0.0,2
