key,x,y,wait,move_index,400038301
,-1.993156773716688,-79.01110670313277,2.0,2
,-1.993156773716688,-79.01110670313277,2.0,2
,-1.993156773716688,-79.01110670313277,2.0,2
