key,x,y,wait,move_index,400088784
,-75.00000000000003,12,0.0,2
,-75.00000000000003,12,0.0,2
,-75.00000000000003,12,0.0,2
,-75.00000000000003,12,0.0,2
,-75.00000000000003,12,0.0,2
,-75.00000000000003,12,0.0,2
,-75.00000000000003,12,0.0,2
,-75.00000000000003,12,0.0,2
,-75.00000000000003,12,0.0,2
