key,x,y,wait,move_index,400078482
,-178.0,-77.99999999999999,0.0,2
,-178.0,-77.99999999999999,2.0,2
,-168.0,-77.99999999999999,0.0,2
,-168.0,-77.99999999999999,1.0,2
,-168.0,-77.99999999999999,15.0,2
