key,x,y,wait,move_index,400084460
,-185.88857391203572,37.878458155907865,0.0,2
