key,x,y,wait,move_index,400072494
,128.0,-20.99999999999998,2.0,2
,138.0,-20.99999999999998,0.0,2
,148.0,-20.99999999999998,0.0,2
,158.0,-20.99999999999998,0.0,2
,168.0,-20.99999999999998,0.0,2
,178.0,-20.99999999999998,0.0,2
,178.0,-20.99999999999998,2.0,2
,268.0,-20.99999999999998,0.0,2
,268.0,-20.99999999999998,2.0,2
