key,x,y,wait,move_index,400083260
,33.99998467035381,-18.99999076760932,0.5,2
,33.99998467035381,-18.99999076760932,0.5,2
,33.99998467035381,-18.99999076760932,2.0,2
