key,x,y,wait,move_index,400092102
,-59.0,16.000000000000004,0.0,2
,-69.0,16.000000000000004,0.0,6
