key,x,y,wait,move_index,400095227
,115.24676513671874,-74.17922973632812,2.0,2
,115.24676513671874,-74.17922973632812,2.0,2
,115.24676513671874,-74.17922973632812,2.0,2
,115.24676513671874,-74.17922973632812,2.0,2
,115.24676513671874,-74.17922973632812,5.0,2
