key,x,y,wait,move_index,400000811
,3.999999999999991,-29.999999999999986,4.0,2
