key,x,y,wait,move_index,400019787
,30.0,0.0,0.0,2
,30.0,0.0,1.0,2
,30.0,0.0,0.0,2
,30.0,0.0,3.0,2
,30.0,0.0,1.0,2
,44.14213562373095,14.14213562373095,0.0,2
,44.14213562373095,14.14213562373095,1.0,2
,44.14213562373095,14.14213562373095,2.0,2
,0.0,0.0,3.0,2
