key,x,y,wait,move_index,400050484
,-183.0,66,0.0,2
,-173.3407417371093,68.58819045102521,0.0,2
,-173.3407417371093,68.58819045102521,0.0,2
,-173.3407417371093,68.58819045102521,12.0,2
