key,x,y,wait,move_index,400017324
,-133.388411976699,106.82889964350431,4.0,2
,-133.18799811872395,76.82956907954787,0.0,2
,-133.18799811872395,76.82956907954787,1.0,2
