key,x,y,wait,move_index,400015218
,177.00002811334738,-55,2.0,2
,177.00002811334738,-55,9.0,2
,177.00002811334738,-55,2.0,2
,177.00002811334738,-55,2.0,2
,177.00002811334738,-55,2.0,2
,177.00002811334738,-55,2.0,2
,177.00002811334738,-55,3.0,2
,177.00002811334738,-55,2.0,2
,177.00002811334738,-55,4.0,2
,177.00002811334738,-55,2.0,2
