key,x,y,wait,move_index,400095083
,-8.070072036911869,-0.5171226391593446,0.0,2
,-8.070072036911869,-0.5171226391593446,0.0,2
