key,x,y,wait,move_index,400081354
,-14.999999999999986,16.000000000000007,0.0,2
,-14.999999999999986,16.000000000000007,2.0,2
