key,x,y,wait,move_index,400059819
,-146.9916022547728,-68.26233205503162,0.0,2
,-146.9916022547728,-68.26233205503162,0.0,2
,-146.9916022547728,-68.26233205503162,0.0,2
