key,x,y,wait,move_index,400009061
,-120.23529411764704,-18.76470588235295,2.0,2
,-120.23529411764704,-18.76470588235295,2.0,2
,-120.23529411764704,-18.76470588235295,2.0,2
,-120.23529411764704,-18.76470588235295,2.0,2
,-120.23529411764704,-18.76470588235295,2.0,2
