key,x,y,wait,move_index,400003754
,7.999999999999989,6.000000000000014,2.0,2
