key,x,y,wait,move_index,400031149
,15.0,-16.000000000000007,0.0,2
,15.0,-16.000000000000007,2.0,2
,15.0,-16.000000000000007,3.0,2
,15.0,-16.000000000000007,2.0,2
,15.0,-16.000000000000007,4.0,2
,15.0,-16.000000000000007,2.0,2
,15.0,-16.000000000000007,4.0,2
,15.0,-16.000000000000007,2.0,2
,15.0,-16.000000000000007,4.0,2
,15.0,-16.000000000000007,2.0,2
