key,x,y,wait,move_index,400085624
,15.000000000000014,-32.0,0.0,2
,5.000000000000014,-32.0,0.0,2
