key,x,y,wait,move_index,400053753
,-148.3702766209365,93.01372932704334,0.0,2
