key,x,y,wait,move_index,400091887
,20.99999999999999,-24.000000000000007,0.4,2
,20.99999999999999,-24.000000000000007,2.0,2
