key,x,y,wait,move_index,400047384
,145.00000000000006,50.000000000000384,0.0,2
,145.00000000000006,50.000000000000384,0.0,2
