key,x,y,wait,move_index,400074633
,-27.999999999999982,-45.00000000000002,8.0,2
