key,x,y,wait,move_index,400009205
,-124.0,-109.99999999999999,0.0,2
,-124.0,-109.99999999999999,2.0,2
,-124.0,-109.99999999999999,2.0,2
