key,x,y,wait,move_index,400041434
,-70.71788024902344,-21.999999999999908,0.0,2
,-55.71788024902344,-21.999999999999908,0.0,2
,-55.71788024902344,-21.999999999999908,1.0,2
,-55.71788024902344,-21.999999999999908,1.5,2
,-55.71788024902344,-21.999999999999908,0.5,2
