key,x,y,wait,move_index,400059609
,-195.0,-135.00000000000003,5.0,2
,105.0,-135.00000000000003,0.0,2
,105.0,-135.00000000000003,2.0,2
,155.0,-135.00000000000003,0.0,2
