key,x,y,wait,move_index,400011404
,198.6296741785193,-95.61999197387252,0.0,2
,205.70074199038478,-88.54892416200704,0.0,2
