key,x,y,wait,move_index,400063360
,-142.00000578584115,-53.99998178187872,2.0,2
,-142.00000578584115,-53.99998178187872,2.0,2
,-142.00000578584115,-53.99998178187872,2.0,2
,-142.00000578584115,-53.99998178187872,2.0,2
