key,x,y,wait,move_index,400031569
,-31.000012927796504,1.7116097716041168e-05,0.1,2
