key,x,y,wait,move_index,400049890
,-46.00860595703124,10.0,0.0,2
,-46.00860595703124,-10.0,0.0,2
