key,x,y,wait,move_index,400059651
,56.76214870801081,75.91349662646275,0.0,2
,56.76214870801081,75.91349662646275,0.0,2
,53.226614802078075,79.44903053239548,0.0,2
,56.76214870801081,75.91349662646275,0.0,2
