key,x,y,wait,move_index,400098396
,109.58823529411768,-57.647058823529434,2.0,2
,119.58823529411768,-57.647058823529434,0.0,5
