key,x,y,wait,move_index,400006472
,-166.00000000000003,-82.99999999999999,0.5,2
,-166.00000000000003,-82.99999999999999,0.5,2
,-156.00000000000003,-82.99999999999999,0.0,2
,-156.00000000000003,-82.99999999999999,1.0,2
,-146.00000000000003,-82.99999999999999,0.0,2
