key,x,y,wait,move_index,400014666
,-194.0,85.0,0.0,2
,-194.994803069132,84.89818225279649,0.0,2
,-194.994803069132,84.89818225279649,2.0,2
,-194.994803069132,84.89818225279649,2.0,2
