key,x,y,wait,move_index,400006729
,-45.0,45.0,0.0,2
,-44.56422128626171,49.98097349045873,0.0,2
,-44.56422128626171,49.98097349045873,0.0,2
,45.0,45.0,0.0,2
,45.0,45.0,0.0,2
,45.0,50.0,0.0,2
,45.0,50.0,0.0,2
,109.0,0.0,0.0,2
,120.0,0.0,0.0,2
,120.0,0.0,0.0,2
,120.0,-10.0,0.0,2
,120.0,-10.0,0.0,2
