key,x,y,wait,move_index,400062588
,-26.00000000000002,-17.000000000000007,3.0,2
