key,x,y,wait,move_index,400088904
,0.0,100.0,0.0,2
,106.04938356916107,-6.0826481786769335,0.0,2
,106.04938356916107,-6.0826481786769335,0.0,2
