key,x,y,wait,move_index,400075671
,-24.148145657226813,6.470476127563037,0.0,2
,-24.148145657226813,6.470476127563037,0.0,2
