key,x,y,wait,move_index,400070221
,-150.99038105676658,71.5,0.0,2
,-150.99038105676658,71.5,0.0,2
