key,x,y,wait,move_index,400081410
,4.0,-73.99999999999999,0.0,2
,4.0,-73.99999999999999,2.0,2
