key,x,y,wait,move_index,400086236
,-239.9834527742062,126.09348872010565,0.0,2
