key,x,y,wait,move_index,400071765
,137.21000551995564,-126.64328436419908,0.0,2
,-150.0,130.0,0.0,2
