key,x,y,wait,move_index,400032927
,-93.99994940409479,-122.22740405473587,0.0,2
