key,x,y,wait,move_index,400067516
,-139.00400000000002,-125.11,0.0,2
,-129.00400000000002,-125.11,0.0,2
,-129.00400000000002,-125.11,1.0,2
