key,x,y,wait,move_index,400006545
,70.71067811865476,1.4210854715202004e-14,0.0,2
,20.710678118654755,2.033408871093877e-14,0.0,2
,20.710678118654755,2.033408871093877e-14,0.0,2
,56.06601717798213,35.35533905932739,0.0,2
