key,x,y,wait,move_index,400054669
,-112.05171761255224,105.41719097805934,0.0,2
,-112.05171761255224,105.41719097805934,0.0,2
,-115.88193982814713,102.20325292962664,0.0,2
,-112.05171761255224,105.41719097805934,0.0,2
