key,x,y,wait,move_index,400029618
,-78.00000000000001,-23.000000000000014,2.0,2
,-78.00000000000001,-23.000000000000014,4.0,2
,-78.00000000000001,-23.000000000000014,2.0,2
,-78.00000000000001,-23.000000000000014,2.0,2
