key,x,y,wait,move_index,400008644
,-156.24499775621857,111.47771400740054,0.0,2
