key,x,y,wait,move_index,400037226
,90.99836192964676,45.14112635521077,0.0,2
,90.99836192964676,45.14112635521077,0.1,2
