key,x,y,wait,move_index,400044693
,-195.0,-39.000000000000014,1.5,2
,-195.0,-39.000000000000014,2.5,2
,-195.0,-39.000000000000014,3.5,2
,-195.0,-39.000000000000014,2.0,2
,-195.0,-39.000000000000014,3.0,2
