key,x,y,wait,move_index,400029748
,-7.000000000000028,49.0,0.0,2
,-7.000000000000028,49.0,0.2,2
