key,x,y,wait,move_index,400073791
,185.9777747886721,-70.76457135307562,2.0,2
,185.9777747886721,-70.76457135307562,0.0,2
,195.63703305156278,-68.17638090205041,0.0,2
,195.63703305156278,-68.17638090205041,0.0,2
