key,x,y,wait,move_index,400061060
,-154.0,-17.999999999999986,5.0,2
,-154.0,-17.999999999999986,2.0,2
,-154.0,-17.999999999999986,0.1,2
