key,x,y,wait,move_index,400020865
,11.999999999999996,20.999999999999993,4.0,2
,11.999999999999996,20.999999999999993,0.0,2
,11.999999999999996,20.999999999999993,3.0,2
,11.999999999999996,20.999999999999993,5.0,2
,11.999999999999996,20.999999999999993,5.0,2
,11.999999999999996,20.999999999999993,0.0,30
