key,x,y,wait,move_index,400059497
,50.654291896660325,-120.73610770259181,0.0,2
,50.654291896660325,-120.73610770259181,0.0,2
,49.87211957145917,-115.79766599961611,0.0,2
,50.654291896660325,-120.73610770259181,0.0,2
