key,x,y,wait,move_index,400036464
,0.0,0.0,0.0,2
,14.400444982898673,-26.31781116078061,0.0,2
