key,x,y,wait,move_index,400020555
,-112.0,-39.999999999999986,0.0,2
,-112.0,-39.999999999999986,2.0,2
,-112.0,-39.999999999999986,1.0,2
,-112.0,-39.999999999999986,2.0,2
,-112.0,-39.999999999999986,2.0,2
