key,x,y,wait,move_index,400074438
,0.0,115.0,0.0,2
,0.0,115.0,0.0,2
,2.0,115.0,0.0,2
,2.0,115.0,0.0,2
,2.0,115.0,3.0,2
,3.9996953903127825,115.03490481287457,0.0,2
,3.9996953903127825,115.03490481287457,0.0,2
,3.9996953903127825,115.03490481287457,0.0,2
,4.3486903573377935,105.04099654268362,0.0,2
,3.790298410097776,121.03124977498915,0.0,2
,3.790298410097776,121.03124977498915,0.0,2
