key,x,y,wait,move_index,400085401
,-86.99999999999999,-58.99999999999999,2.0,6
,-86.99999999999999,-58.99999999999999,4.0,2
,-86.99999999999999,-58.99999999999999,5.0,2
