key,x,y,wait,move_index,400084941
,-96.0,-25.000000000000007,2.0,2
,-96.0,-25.000000000000007,2.0,2
,-96.0,-25.000000000000007,2.0,2
,-96.0,-25.000000000000007,2.0,2
