key,x,y,wait,move_index,400064091
,6.999999999999986,-35.00000000000001,2.0,2
,6.999999999999986,-35.00000000000001,2.0,2
,6.999999999999986,-35.00000000000001,0.5,8
,6.999999999999986,-35.00000000000001,0.5,8
,6.999999999999986,-35.00000000000001,0.5,8
,6.999999999999986,-35.00000000000001,0.5,8
,6.999999999999986,-35.00000000000001,1.0,8
,6.999999999999986,-35.00000000000001,1.0,8
,6.999999999999986,-35.00000000000001,1.0,8
,6.999999999999986,-35.00000000000001,2.0,8
