key,x,y,wait,move_index,400039110
,176.0,133.0,0.0,2
,176.0,133.0,2.0,2
,185.98563155058213,132.46412451444485,0.0,2
,185.98563155058213,132.46412451444485,3.0,2
