key,x,y,wait,move_index,400077926
,-17.95763081343646,54.44935879892005,0.0,2
,-17.95763081343646,54.44935879892005,0.0,2
,-8.298372550545777,57.03754924994526,0.0,2
