key,x,y,wait,move_index,400075240
,37.0,-52.0,0.0,2
,37.0,-52.0,2.0,2
,37.0,-52.0,2.5,2
,37.0,-52.0,4.0,2
,37.0,-52.0,3.0,2
,29.33369062894873,-45.57911994915561,0.0,2
,29.33369062894873,-45.57911994915561,3.5,2
,29.33369062894873,-45.57911994915561,3.0,2
,37.0,-52.0,1.0,2
