key,x,y,wait,move_index,400077805
,-157.0000049028077,-44.999984579323154,2.0,2
,-157.0000049028077,-44.999984579323154,2.0,2
,-157.0000049028077,-44.999984579323154,2.0,2
,-157.0000049028077,-44.999984579323154,2.0,2
,-157.0000049028077,-44.999984579323154,2.0,2
,-157.0000049028077,-44.999984579323154,2.0,2
,-157.0000049028077,-44.999984579323154,3.0,2
,-157.0000049028077,-44.999984579323154,2.0,2
