key,x,y,wait,move_index,400099625
,88,-2.9999999999999787,0.0,2
,98.0,-2.9999999999999787,0.0,2
,98.0,-12.999999999999979,0.0,2
,88.0,-12.999999999999979,0.0,2
