key,x,y,wait,move_index,400035253
,-1.999999999999979,-30.000000000000007,3.0,2
,-1.999999999999979,-30.000000000000007,3.0,2
,-1.999999999999979,-30.000000000000007,3.0,2
,-1.999999999999979,-30.000000000000007,3.0,2
,-1.999999999999979,-30.000000000000007,3.0,2
,-1.999999999999979,-30.000000000000007,3.0,2
,-1.999999999999979,-30.000000000000007,3.0,2
,-1.999999999999979,-30.000000000000007,3.0,2
,-1.999999999999979,-30.000000000000007,2.0,2
