key,x,y,wait,move_index,400004110
,-121.0,-47.0,0.0,2
,-121.0,-47.0,0.0,2
,-21.0,-47.0,0.0,2
,-21.0,-47.0,1.0,2
,-21.0,-47.0,0.0,2
,-20.999999999999993,-147.0,0.0,2
,-20.999999999999993,-147.0,1.0,2
,-20.999999999999993,-147.0,0.0,2
,-121.0,-147.0,0.0,2
,-121.0,-147.0,1.0,2
,-121.0,-147.0,0.0,2
,-121.0,-47.0,0.0,2
