key,x,y,wait,move_index,400014759
,170.0,-3.999999999999986,1.0,2
,170.0,-3.999999999999986,1.0,2
,170.0,-3.999999999999986,1.0,2
,170.0,-3.999999999999986,5.0,2
,170.0,-3.999999999999986,5.0,2
,170.0,-3.999999999999986,6.0,2
,170.0,-3.999999999999986,2.0,2
,170.0,-3.999999999999986,10.0,2
,170.0,-3.999999999999986,2.0,2
,170.0,-3.999999999999986,10.0,2
,170.0,-3.999999999999986,3.0,2
,170.0,-3.999999999999986,10.0,2
,170.0,-3.999999999999986,3.0,2
