key,x,y,wait,move_index,400096074
,-21.23529411764705,18.882352941176478,2.0,2
,28.76470588235295,18.882352941176478,0.0,2
,-21.23529411764705,18.882352941176478,0.0,2
