key,x,y,wait,move_index,400070691
,207.80107122119813,55.29645538872557,0.0,2
,218.40767293899634,65.90305710652378,0.0,2
