key,x,y,wait,move_index,400098032
,-64.99999999999999,-102,5.0,2
,-64.99999999999999,-102,1.0,2
,-64.99999999999999,-102,3.0,2
,-64.99999999999999,-102,1.0,2
,-64.99999999999999,-102,1.7,2
