key,x,y,wait,move_index,400027992
,-159.26333333333332,76.30733333333333,3.0,2
