key,x,y,wait,move_index,400084659
,199.0,-38.00000000000002,0.0,2
,199.0,-38.00000000000002,0.5,2
,149.0,-38.00000000000002,0.0,2
,149.0,-38.00000000000002,0.5,2
