key,x,y,wait,move_index,400074932
,-213.9949058238061,0.25679622226510457,0.0,2
,-204.54217175165883,3.5195892836261446,0.0,2
,-213.9949058238061,0.25679622226510457,0.0,2
