key,x,y,wait,move_index,400017691
,-75.29411764705881,-44.88235294117647,2.0,2
,-75.29411764705881,-44.88235294117647,2.0,2
,-75.29411764705881,-44.88235294117647,2.0,2
,-75.29411764705881,-44.88235294117647,2.0,2
,-75.29411764705881,-44.88235294117647,2.0,2
,-75.29411764705881,-44.88235294117647,2.0,2
