key,x,y,wait,move_index,400066351
,-86.87965243523149,114.46770905308003,2.0,2
,-86.87965243523149,114.46770905308003,2.0,2
,-86.87965243523149,114.46770905308003,7.0,2
,-86.87965243523149,114.46770905308003,5.0,7
,-186.49912224440607,123.18328332784584,0.0,7
