key,x,y,wait,move_index,400015591
,-20.47058823529413,28.176470588235276,5.0,2
