key,x,y,wait,move_index,400019267
,-239.53004551813245,-48.63666010305407,0.0,2
