key,x,y,wait,move_index,400004718
,-170.0,-89.99999999999996,0.0,2
,-180.0,-90.0,0.0,2
,-180.0,-90.0,0.0,2
,-180.0,-120.0,0.0,2
,-180.0,-120.0,0.0,2
,-150.0,-120.0,0.0,2
,-120.0,-120.0,0.0,2
,-120.0,-120.0,0.0,2
,-120.0,-90.0,0.0,2
,-120.0,-90.0,0.0,2
,-90.0,-90.0,0.0,2
,-90.0,-90.0,0.0,2
,-90.0,-60.0,0.0,2
,-90.0,-60.0,0.0,2
,-90.0,-60.0,0.0,2
,-440.0,-60.00000000000004,0.0,2
,-440.0,-60.00000000000004,3.0,2
