key,x,y,wait,move_index,400064521
,-14.000000000000014,12.0,0.0,2
,-14.000000000000014,12.0,2.0,2
,-4.000000000000014,12.0,0.0,2
