key,x,y,wait,move_index,400057223
,7.000000000000025,12,0.5,2
,7.000000000000025,12,0.5,2
,7.000000000000025,12,0.5,2
,7.000000000000025,12,0.5,2
,7.000000000000025,12,0.5,2
,7.000000000000025,12,0.5,2
,7.000000000000025,12,0.5,2
