key,x,y,wait,move_index,400030838
,-160.00000000000003,-12.000000000000014,1.0,2
