key,x,y,wait,move_index,400053449
,-198.0,-147.0,0.0,2
,-188.3407417371093,-144.4118095489748,0.0,2
,-188.3407417371093,-144.4118095489748,0.0,2
,-188.3407417371093,-144.4118095489748,0.0,2
