key,x,y,wait,move_index,400008190
,57.99999999999999,-111.00000000000001,0.0,2
