key,x,y,wait,move_index,400055711
,-133.658592087394,-28.40932462679517,0.0,2
