key,x,y,wait,move_index,400013302
,-135.0,97.0650634765625,1.0,2
,-135.0,97.0650634765625,5.0,2
