key,x,y,wait,move_index,400099537
,100.0,100.0,0.0,2
,100.0,100.0,0.0,2
,300.0,100.0,0.0,2
,300.0,100.0,0.0,2
,300.0,300.0,0.0,2
,300.0,300.0,0.0,2
,100.0,300.0,0.0,2
,100.0,300.0,0.0,2
,99.99999999999996,100.0,0.0,2
,99.99999999999996,100.0,0.0,2
