key,x,y,wait,move_index,400031019
,-13,-122.99999999999999,0.0,2
,-3.0,-122.99999999999999,0.0,2
,-13.0,-122.99999999999999,0.0,2
