key,x,y,wait,move_index,400072527
,-79.99999999999999,-103.0,0.0,2
,-79.99999999999999,-103.0,2.0,2
,-79.99999999999999,-103.0,2.0,2
,-79.99999999999999,-103.0,2.0,2
