key,x,y,wait,move_index,400042403
,157.66203157011768,106.9291107068522,0.0,2
,168.2686332879159,117.53571242465041,0.0,2
,168.2686332879159,117.53571242465041,0.0,2
