key,x,y,wait,move_index,400093858
,-63.88235294117646,-120.70588235294116,3.0,2
