key,x,y,wait,move_index,400015969
,-81.80453491210938,-40,0.3,2
,-91.80453491210938,-40.0,0.0,2
,-91.80453491210938,-40.0,0.3,2
,-101.80453491210938,-40.0,0.0,2
,-101.80453491210938,-40.0,0.3,2
,-111.80453491210938,-40.0,0.0,2
,-111.80453491210938,-40.0,0.3,2
,-121.80453491210938,-40.0,0.0,2
