key,x,y,wait,move_index,400010772
,97.0,-0.9999999999999857,2.0,2
,67.0,-0.999999999999982,0.0,2
,67.0,-0.999999999999982,2.0,2
