key,x,y,wait,move_index,400064343
,0.0,0.0,0.0,2
,0.0,0.0,0.0,2
,7.0710678118654755,7.071067811865475,0.0,2
