key,x,y,wait,move_index,400026587
,-107.9999911913332,-32.000000000000014,1.5,2
,-107.9999911913332,-32.000000000000014,1.0,2
,-107.9999911913332,-32.000000000000014,2.0,2
,-107.9999911913332,-32.000000000000014,1.0,2
,-107.9999911913332,-32.000000000000014,2.0,2
,-107.9999911913332,-32.000000000000014,2.0,2
