key,x,y,wait,move_index,400007622
,126.00000000000004,-24.000000000000014,3.0,2
,126.00000000000004,-24.000000000000014,4.0,2
