key,x,y,wait,move_index,400008264
,-132.0,-93.99999999999999,6.0,2
,-132.0,-93.99999999999999,4.0,2
,-132.0,-93.99999999999999,4.0,2
,-132.0,-93.99999999999999,6.0,2
,-132.0,-93.99999999999999,4.0,2
