key,x,y,wait,move_index,400076351
,23.0,21.000000000000014,0.5,2
,23.0,21.000000000000014,2.0,2
,23.0,21.000000000000014,2.0,2
,23.0,21.000000000000014,2.0,2
,23.0,21.000000000000014,2.0,2
,23.0,21.000000000000014,2.0,2
,23.0,21.000000000000014,2.0,2
,23.0,21.000000000000014,2.0,2
