key,x,y,wait,move_index,400050821
,19.941176470588232,-113.8235294117647,0.0,2
