key,x,y,wait,move_index,400013194
,-173.99999999999997,45,1.0,2
,-173.99999999999997,45,1.0,2
,-173.99999999999997,45,1.0,2
