key,x,y,wait,move_index,400065956
,-154.0069962063924,-89.45807995466657,0.0,2
