key,x,y,wait,move_index,400032726
,25.999982946010174,-123.9999743964965,3.0,2
,25.999982946010174,-123.9999743964965,5.0,2
,25.999982946010174,-123.9999743964965,5.0,2
,25.999982946010174,-123.9999743964965,5.0,2
