key,x,y,wait,move_index,400025228
,19.519317626953125,-22.000000000000007,0.0,2
,19.519317626953125,-22.000000000000007,1.0,2
,19.519317626953125,-22.000000000000007,0.5,2
