key,x,y,wait,move_index,400011399
,-169.0,-49.00000000000001,2.0,2
,-169.0,-49.00000000000001,2.0,2
,-169.0,-49.00000000000001,2.0,2
,-169.0,-49.00000000000001,2.0,2
,-169.0,-49.00000000000001,2.0,2
,-169.0,-49.00000000000001,2.0,2
,-169.0,-49.00000000000001,2.0,2
,-169.0,-49.00000000000001,2.0,2
,-169.0,-49.00000000000001,2.0,2
,-169.0,-49.00000000000001,2.0,2
