key,x,y,wait,move_index,400035158
,122.0,-31.000000000000014,2.0,2
,122.0,-31.000000000000014,1.0,2
,122.0,-31.000000000000014,2.0,2
