key,x,y,wait,move_index,400020350
,28.501998901367188,-120.00000000000001,0.0,2
