key,x,y,wait,move_index,400097898
,-91.1873321750029,114.70562748477172,0.0,2
,-80.58073045720468,125.31222920256994,0.0,2
