key,x,y,wait,move_index,400080443
,4.941176470588232,-88.94117647058823,0.2,2
