key,x,y,wait,move_index,400010115
,16.99999999999997,-98,1.0,2
,-8.000000000000028,-98.0,0.0,2
,-8.000000000000028,-98.0,1.0,2
,-33.00000000000003,-98.0,0.0,2
,-33.00000000000003,-98.0,1.0,2
