key,x,y,wait,move_index,400040769
,-51.000000000000014,-50.00000000000001,0.25,2
,-51.000000000000014,-50.00000000000001,0.25,2
