key,x,y,wait,move_index,400099395
,9.999999999999986,1.000000000000007,3.0,2
