key,x,y,wait,move_index,400052569
,157.00000000000003,-141,0.0,2
,157.00000000000003,-141,0.1,2
,157.00000000000003,-141,0.1,2
,157.00000000000003,-141,0.1,2
,157.00000000000003,-141,2.0,2
,157.00000000000003,-141,0.0,2
