key,x,y,wait,move_index,400071834
,-9.588235294117666,42.11764705882354,0.0,2
,-9.588235294117666,42.11764705882354,2.0,2
,-9.588235294117666,42.11764705882354,5.0,2
,-9.588235294117666,42.11764705882354,0.0,2
,-9.588235294117666,42.11764705882354,3.0,2
,-9.588235294117666,42.11764705882354,2.0,2
,-9.588235294117666,42.11764705882354,2.0,2
,-9.588235294117666,42.11764705882354,6.0,11
