key,x,y,wait,move_index,400099929
,126.99999388920492,-134.99997338954546,0.0,2
