key,x,y,wait,move_index,400095366
,12.061827390612873,-10.700461610152919,2.0,2
,12.061827390612873,-10.700461610152919,2.0,2
,12.061827390612873,-10.700461610152919,2.0,2
,14.65001784163808,-20.359719873043602,0.0,2
,14.65001784163808,-20.359719873043602,0.0,2
,14.65001784163808,-20.359719873043602,2.0,2
,23.71309571200458,-24.585902490450597,0.0,2
