key,x,y,wait,move_index,400031412
,-98.0,-1.7763568394002505e-14,0.0,2
,-98.0,-1.7763568394002505e-14,0.0,5
