key,x,y,wait,move_index,400058875
,13.41176470588233,-112.35294117647061,7.0,2
,13.41176470588233,-112.35294117647061,2.0,2
,13.41176470588233,-112.35294117647061,6.0,2
,13.41176470588233,-112.35294117647061,4.0,2
,13.41176470588233,-112.35294117647061,5.0,2
,13.41176470588233,-112.35294117647061,6.0,2
