key,x,y,wait,move_index,400074794
,5.702817369491742,5.54865428218379,0.0,2
,-175.0,-175.0,0.0,2
,-175.0,-175.0,0.0,2
,-175.0,-185.0,0.0,2
,-175.0,-185.0,0.0,2
