key,x,y,wait,move_index,400023625
,-57.00000000000001,-2.999999999999993,2.0,2
,-57.00000000000001,-2.999999999999993,2.0,2
