key,x,y,wait,move_index,400015459
,-69.46025382906079,50.688739962235765,0.0,2
