key,x,y,wait,move_index,400037169
,10.999999999999991,-67,2.0,2
,10.999999999999991,-67,2.0,2
,10.999999999999991,-67,3.0,2
,10.999999999999991,-67,3.0,2
,10.999999999999991,-67,2.0,2
,10.999999999999991,-67,3.0,2
,10.999999999999991,-67,2.0,2
,10.999999999999991,-67,2.0,2
