key,x,y,wait,move_index,400035749
,-197.0,-147.0,0.0,2
,-188.3397459621556,-142.0,0.0,2
,-188.3397459621556,-142.0,0.0,2
,-188.3397459621556,-142.0,0.0,2
