key,x,y,wait,move_index,400020902
,-66.54897207009279,-44.57118405984124,0.0,2
,-76.54897173713236,-44.56860351562499,0.0,2
