key,x,y,wait,move_index,400063004
,-144.0,-93.99999999999999,0.0,2
,-144.0,-93.99999999999999,2.0,2
,-144.0,-93.99999999999999,2.0,2
