key,x,y,wait,move_index,400098608
,15.000000000000007,3.552713678800501e-15,0.0,2
,15.000000000000007,3.552713678800501e-15,1.0,2
,15.000000000000007,3.552713678800501e-15,0.0,2
