key,x,y,wait,move_index,400066038
,-200.0,10.0,0.0,2
,-101.23116594048622,-5.643446504023087,0.0,2
,-101.23116594048622,-5.643446504023087,0.2,2
,-68.0,-73.0,0.0,2
