key,x,y,wait,move_index,400081102
,167.07106781186548,-156.07106781186548,1.0,2
,167.07106781186548,-156.07106781186548,0.0,2
,167.07106781186548,-156.07106781186548,1.0,2
,167.07106781186548,-156.07106781186548,1.0,2
,174.14213562373095,-163.14213562373095,0.0,2
