key,x,y,wait,move_index,400026649
,-64.99999999999997,13,0.0,2
,-64.99999999999997,13,0.1,2
,-54.99999999999997,13,0.0,2
,-44.99999999999997,13,0.0,2
,-44.99999999999997,13,0.1,2
,-54.99999999999997,13,0.0,2
,-54.99999999999997,23.0,0.0,2
,-54.99999999999997,23.0,0.1,2
,-54.99999999999997,13.0,0.0,2
,-54.99999999999997,3.0,0.0,2
,-54.99999999999997,3.0,0.1,2
,-54.99999999999997,13.0,0.0,2
