key,x,y,wait,move_index,400089670
,162.0,-159.0,0.0,2
,158.2204230524819,-155.72665337952276,0.0,7
,162.0,-159.0,0.0,7
