key,x,y,wait,move_index,400039283
,1.1764705882353113,10.588235294117652,1.0,2
,1.1764705882353113,10.588235294117652,1.0,2
,1.1764705882353113,10.588235294117652,2.0,2
,1.1764705882353113,10.588235294117652,5.0,2
,1.1764705882353113,10.588235294117652,2.0,2
,1.1764705882353113,10.588235294117652,2.0,2
,1.1764705882353113,10.588235294117652,5.0,2
