key,x,y,wait,move_index,400059597
,15.008917786468466,-21.007927742277165,0.4,2
,15.008917786468466,-21.007927742277165,0.3,2
