key,x,y,wait,move_index,400049568
,-173.00000476924828,-101.99997626145947,2.0,2
