key,x,y,wait,move_index,400064118
,-116.0,-82.99999999999999,2.0,2
,-116.0,-82.99999999999999,1.0,2
,-116.0,-82.99999999999999,2.0,2
,-116.0,-82.99999999999999,1.0,2
,-116.0,-82.99999999999999,4.0,2
,-116.0,-82.99999999999999,2.0,2
,-116.0,-82.99999999999999,2.0,2
