key,x,y,wait,move_index,400053952
,4.656871814625728,-24.074626930730226,0.0,2
,15.26347353242394,-13.468025212932014,0.0,2
