key,x,y,wait,move_index,400016566
,-79.00000000000001,86.99999999999999,2.0,2
,-79.00000000000001,86.99999999999999,2.0,2
,-79.00000000000001,86.99999999999999,2.0,2
,-79.00000000000001,86.99999999999999,2.0,2
,-79.00000000000001,86.99999999999999,2.0,2
