key,x,y,wait,move_index,400056382
,2.4868995751603507e-14,-33.00000000000001,0.2,2
,2.4868995751603507e-14,-33.00000000000001,0.2,2
,2.4868995751603507e-14,-33.00000000000001,0.2,2
