key,x,y,wait,move_index,400020441
,-3.3395508580724714e-13,9.521272659185342e-13,0.0,2
,0.0,0.0,0.0,2
,40.0,0.0,0.0,2
,40.0,0.0,0.0,2
,40.0,0.0,0.0,2
