key,x,y,wait,move_index,400099606
,15.647058823529406,-4.588235294117652,2.0,2
,15.647058823529406,-4.588235294117652,2.0,2
,15.647058823529406,-4.588235294117652,2.0,6
,15.647058823529406,-4.588235294117652,2.0,6
,15.647058823529406,-4.588235294117652,2.0,6
,15.647058823529406,-4.588235294117652,2.0,6
,15.647058823529406,-4.588235294117652,2.0,6
,15.647058823529406,-4.588235294117652,2.0,6
