key,x,y,wait,move_index,400055095
,21.97758341305967,40.16134458313118,0.0,2
