key,x,y,wait,move_index,400072240
,147.41176470588235,-88.64705882352942,1.0,2
,147.41176470588235,-88.64705882352942,5.0,2
,147.41176470588235,-88.64705882352942,32.0,2
,147.41176470588235,-88.64705882352942,6.0,2
,147.41176470588235,-88.64705882352942,6.0,2
,147.41176470588235,-88.64705882352942,1.0,2
