key,x,y,wait,move_index,400025114
,2.999999999999993,-7.000000000000014,1.0,2
,13.0,-59.0,1.0,2
,10.0,-8.0,1.0,2
,10.0,-8.0,1.0,2
