key,x,y,wait,move_index,400031403
,-55.00000000000001,-57.999999999999986,0.5,2
,-55.00000000000001,-57.999999999999986,0.5,2
,-55.00000000000001,-57.999999999999986,0.5,2
,-55.00000000000001,-57.999999999999986,0.5,2
