key,x,y,wait,move_index,400022561
,19.019999999999985,5.866999999999997,1.0,2
