key,x,y,wait,move_index,400089706
,28.679122924804688,-111.00000000000001,0.0,2
