key,x,y,wait,move_index,400039022
,-104.99999157858495,-33,2.0,2
,-104.99999157858495,-33,2.0,2
,-104.99999157858495,-33,2.0,2
,-104.99999157858495,-33,2.0,2
,-104.99999157858495,-33,2.0,2
,-104.99999157858495,-33,2.0,2
,-104.99999157858495,-33,2.0,2
,-104.99999157858495,-33,2.0,2
,-104.99999157858495,-33,2.0,2
,-104.99999157858495,-33,2.0,2
,-104.99999157858495,-33,2.0,2
,-104.99999157858495,-33,2.0,2
