key,x,y,wait,move_index,400028340
,0.0,0.0,0.0,2
,9.970544855015817,-0.7669649888473672,0.0,2
,9.970544855015817,-0.7669649888473672,0.0,2
,95.14205425856215,51.63355014146042,0.0,2
,95.14205425856215,51.63355014146042,0.0,2
