key,x,y,wait,move_index,400045741
,-201.0,48.000000000000014,2.0,2
,-201.0,48.000000000000014,4.0,2
,-201.0,48.000000000000014,2.0,2
,-201.0,48.000000000000014,4.0,2
,-201.0,48.000000000000014,2.0,2
,-201.0,48.000000000000014,4.0,2
