key,x,y,wait,move_index,400087808
,-14.999999999999986,-116,4.0,6
,-14.999999999999986,-116,2.0,6
,-14.999999999999986,-116,5.0,6
,-14.999999999999986,-116,4.0,2
,-14.999999999999986,-116,5.0,2
