key,x,y,wait,move_index,400031649
,116.99999999999999,29.0,0.0,2
,116.99999999999999,29.0,0.5,2
