key,x,y,wait,move_index,400022863
,-149.80440024620637,-52.05446095245888,2.0,2
,-149.80440024620637,-52.05446095245888,8.0,2
,-144.80440024620637,-52.05446095245888,0.0,2
,-144.80440024620637,-52.05446095245888,5.0,2
,-144.80440024620637,-52.05446095245888,2.0,2
,-144.80440024620637,-52.05446095245888,5.0,2
