key,x,y,wait,move_index,400022442
,23.70554937781109,-153.9641636052226,0.0,2
