key,x,y,wait,move_index,400036256
,135.35051652578136,-2.216380902050415,0.0,2
,135.35051652578136,-2.216380902050415,0.0,2
,135.35051652578136,-2.216380902050415,0.0,2
,135.35051652578136,-2.216380902050415,2.0,2
,135.35051652578136,-2.216380902050415,0.0,2
,0.0,0.0,0.0,2
,0.0,0.0,1.0,2
,0.0,0.0,0.0,2
,10.0,0.0,0.0,2
