key,x,y,wait,move_index,400035403
,101.0,-53.000000000000014,2.0,2
,101.0,-53.000000000000014,2.0,2
,101.0,-53.000000000000014,2.0,2
,101.0,-43.000000000000014,0.0,2
,101.0,-43.000000000000014,0.1,2
,101.0,-53.000000000000014,0.0,2
,101.0,-53.000000000000014,0.1,2
