key,x,y,wait,move_index,400022517
,-110.0,-60.99999999999943,0.0,2
,-110.0,-59.99999999999943,0.0,2
,-10.0,-59.99999999999943,0.0,2
,-10.0,-59.99999999999943,0.0,2
