key,x,y,wait,move_index,400047450
,-55.000000000000014,-1,6.0,2
,-55.000000000000014,-1,5.0,2
,-55.000000000000014,-1,5.0,2
