key,x,y,wait,move_index,400076499
,-60.00000000000002,44.000000000000085,0.0,2
,-60.0,44.0,0.0,2
,10.0,44.0,0.0,2
,10.0,44.0,0.0,2
,-24.999999999999986,-16.621778264910716,0.0,2
,-24.999999999999986,-16.621778264910716,0.0,2
