key,x,y,wait,move_index,400101790
,-180.0,-80.0,0.0,2
,-180.0,-80.0,2.0,2
,-130.06363494585105,-77.47820596027948,0.0,2
,-180.0,0.0,3.0,2
,-180.0,0.0,0.5,2
