key,x,y,wait,move_index,400104211
,-93.00000000000001,-105,0.3,2
,-93.00000000000001,-105,2.0,7
