key,x,y,wait,move_index,400103974
,132.97850937114177,7.65658979572053,0.0,2
,132.97850937114177,7.65658979572053,2.0,2
,132.97850937114177,7.65658979572053,2.0,2
,132.97850937114177,7.65658979572053,2.0,2
,132.97850937114177,7.65658979572053,2.0,2
,132.97850937114177,7.65658979572053,2.0,2
,132.97850937114177,7.65658979572053,7.0,2
,132.97850937114177,7.65658979572053,2.0,2
