key,x,y,wait,move_index,400100481
,2.0000000000000053,-56,2.0,2
,2.0000000000000053,-56,2.0,2
,2.0000000000000053,-56,2.0,2
