key,x,y,wait,move_index,400104511
,-54.81877687052825,-54.93502956471114,0.0,2
