key,x,y,wait,move_index,400101918
,-63.64705882352944,-195.6470588235294,3.0,2
,-63.64705882352944,-195.6470588235294,4.0,2
,-63.64705882352944,-195.6470588235294,3.0,2
,-63.64705882352944,-195.6470588235294,5.0,2
,-63.64705882352944,-195.6470588235294,2.0,2
,-63.64705882352944,-195.6470588235294,5.0,2
,-63.64705882352944,-195.6470588235294,2.0,2
