key,x,y,wait,move_index,400102714
,-5.517212325344607,-46.94122131368068,10.0,2
,-5.517212325344607,-46.94122131368068,1.0,2
,-5.517212325344607,-46.94122131368068,1.0,2
,-5.517212325344607,-46.94122131368068,1.0,2
,-5.517212325344607,-46.94122131368068,1.0,2
,-5.517212325344607,-46.94122131368068,1.0,2
