key,x,y,wait,move_index,400101569
,-175.0,18.000000000000004,2.0,2
,-175.0,18.000000000000004,1.0,2
,-175.0,18.000000000000004,10.0,2
,-175.0,18.000000000000004,1.0,2
,-175.0,18.000000000000004,4.0,2
,-175.0,18.000000000000004,3.0,2
,-175.0,18.000000000000004,14.0,2
,-175.0,18.000000000000004,6.0,2
,-175.0,18.000000000000004,21.0,2
,-175.0,18.000000000000004,5.0,2
,-175.0,18.000000000000004,8.0,2
,-25.0,18.000000000000004,0.0,2
,-25.0,18.000000000000004,2.0,2
