key,x,y,wait,move_index,400102985
,-168.11764705882354,-47.117647058823515,0.0,2
,-168.11764705882354,-47.117647058823515,1.0,2
