key,x,y,wait,move_index,400100678
,5.000000000000007,-12.000000000000018,0.0,2
