key,x,y,wait,move_index,400107462
,-116.0,-49.999999999999986,2.0,2
,-116.0,-49.999999999999986,0.3,2
