key,x,y,wait,move_index,400104500
,43.99952272660927,-123.9023002557619,0.0,2
