key,x,y,wait,move_index,400101442
,-151.11764705882354,-48.882352941176464,10.0,6
,-151.11764705882354,-48.882352941176464,1.0,6
,-151.11764705882354,-48.882352941176464,10.0,6
