key,x,y,wait,move_index,400101132
,-90.0,-108.99999999999999,0.0,2
,-90.0,-108.99999999999999,0.25,2
,-100.0,-108.99999999999999,0.0,2
,-100.0,-108.99999999999999,6.0,2
,-100.0,-108.99999999999999,1.0,2
