key,x,y,wait,move_index,400104526
,58.67912292480469,-71.99999999999999,0.0,2
