key,x,y,wait,move_index,400104514
,149.00000000000003,-20.999999999999986,0.0,2
