key,x,y,wait,move_index,400306756
,5.999999999999998,-18.999999999999993,1.0,2
