key,x,y,wait,move_index,400308252
,48.99999999999999,41,0.2,2
,48.99999999999999,41,0.0,2
