key,x,y,wait,move_index,400306255
,89.93155635533057,77.23239428739035,0.0,2
,89.93155635533057,82.23239428739035,0.0,2
,89.93155635533057,82.23239428739035,0.0,2
