key,x,y,wait,move_index,400306200
,4.000000000000011,59.99999999999999,0.0,2
,-5.999999999999989,59.99999999999999,0.0,2
,-5.999999999999989,59.99999999999999,0.0,2
,4.000000000000011,59.99999999999999,0.0,2
,4.000000000000011,59.99999999999999,0.25,2
