key,x,y,wait,move_index,400309266
,7.105427357601002e-15,7.105427357601002e-15,1.0,2
