key,x,y,wait,move_index,400308279
,124.00000000000003,-79,0.0,2
,124.00000000000003,-79,0.0,2
,124.00000000000003,-79,0.0,2
,124.00000000000003,-79,0.0,2
