key,x,y,wait,move_index,400306237
,172.99999999999997,-11,0.0,2
,172.99999999999997,-17.0,0.0,2
,172.99999999999997,200.0,0.0,2
