key,x,y,wait,move_index,500064588
,167.33319091796875,-4.666656494140625,0.0,2
,167.33319091796875,-4.666656494140625,1.0,2
,67.33319091796875,-4.666656494140625,0.0,2
,67.33319091796875,-4.666656494140625,1.0,2
,67.33319091796875,-4.666656494140625,1.0,2
