key,x,y,wait,move_index,500002958
,57.536956787109375,-7.088165283203118,0.0,2
,0.0,0.0,0.0,2
,0.0,0.0,0.0,2
,10.0,0.0,0.0,2
,20.0,0.0,0.0,2
,20.0,0.0,0.0,2
,20.0,0.0,0.0,2
,20.0,10.0,0.0,2
,20.0,20.0,0.0,2
,20.0,20.0,0.0,2
