key,x,y,wait,move_index,500091286
,-82.92699531365875,246.69629604341762,0.0,2
,115.1460093726825,274.39259208683524,0.0,2
,115.1460093726825,274.39259208683524,0.0,2
