key,x,y,wait,move_index,500007409
,42,-21.999999999999858,0.0,2
,42.0,-11.999999999999858,0.0,2
,42.0,-11.999999999999858,0.0,2
,42.0,-21.999999999999858,0.0,2
,42.0,-21.999999999999858,0.0,2
,52.0,-21.999999999999858,0.0,2
,52.0,-21.999999999999858,0.0,2
,42.0,-21.999999999999858,0.0,2
