key,x,y,wait,move_index,500085672
,-107.0,-83.0,0.0,2
,-107.0,-83.0,2.0,2
,-87.30384493975583,-79.5270364466614,0.0,2
,-77.45576740963375,-77.79055466999209,0.0,2
,-57.75961234938959,-74.31759111665349,0.0,2
,-57.75961234938959,-74.31759111665349,1.0,2
,-57.75961234938959,-74.31759111665349,2.0,2
