key,x,y,wait,move_index,500028321
,18.854230269427735,-43.79045362933084,2.0,2
