key,x,y,wait,move_index,500072010
,187.0086670247108,33.33808136528935,0.0,2
,197.61526874250902,43.94468308308756,0.0,2
