key,x,y,wait,move_index,500019991
,-156.9692620785908,-25.202014332566772,0.0,2
,-156.9692620785908,-25.202014332566772,0.0,2
,-156.9692620785908,-25.202014332566772,0.0,2
