key,x,y,wait,move_index,500074716
,1.6530353761368133e-06,17.00001102023561,0.1,2
