key,x,y,wait,move_index,500000978
,0.0,0.0,0.0,2
,9.945218953682733,-1.04528463267653,0.0,2
