key,x,y,wait,move_index,500011185
,-197.0,181.0,0.0,2
,-185.00000000000924,181.00001488190568,0.0,2
