key,x,y,wait,move_index,500013743
,1.2246467991473532e-14,100.00000000000001,0.0,2
,1.2246467991473532e-14,100.00000000000001,0.0,2
,-99.99999999999999,100.00000000000003,0.0,2
,-99.99999999999999,100.00000000000003,0.0,2
,-100.0,2.842170943040401e-14,0.0,2
,-100.0,2.842170943040401e-14,0.0,2
,0.0,3.928773447456943e-15,0.0,2
