key,x,y,wait,move_index,500005694
,-196.0,178.0,0.0,2
,-181.33940154976904,181.17283045262192,0.0,2
