key,x,y,wait,move_index,500053773
,109.00000381469704,154.99999957614477,0.0,5
