key,x,y,wait,move_index,500068620
,-78.23529411764707,5.882352941176485,0.0,2
,-78.23529411764707,5.882352941176485,2.0,2
,-78.23529411764707,5.882352941176485,2.0,2
