key,x,y,wait,move_index,500054044
,-8.125,-70.87552059397977,2.0,2
,-8.125,-70.87552059397977,2.0,2
,-8.125,-70.87552059397977,1.0,2
