key,x,y,wait,move_index,500044403
,99.99999999999997,2.842170943040401e-14,0.0,2
,99.99999999999997,2.842170943040401e-14,0.0,2
,99.99999999999997,2.842170943040401e-14,0.5,2
,0.0,0.0,0.0,9
,0.0,0.0,0.0,9
