key,x,y,wait,move_index,500027173
,79.17647058823525,-41.647058823529406,6.0,2
,79.17647058823525,-41.647058823529406,5.0,2
,79.17647058823525,-41.647058823529406,10.0,2
,79.17647058823525,-41.647058823529406,5.0,2
,79.17647058823525,-41.647058823529406,10.0,2
,79.17647058823525,-41.647058823529406,5.0,2
,79.17647058823525,-41.647058823529406,6.0,2
,79.17647058823525,-41.647058823529406,3.0,2
