key,x,y,wait,move_index,500032012
,-19.54109592349764,6.55524489060608,0.0,2
