key,x,y,wait,move_index,500056508
,9.999133019624123,-1.9995045775289952,6.0,2
,9.999133019624123,-1.9995045775289952,1.0,2
,9.999133019624123,-1.9995045775289952,5.0,2
