key,x,y,wait,move_index,500009854
,-1.0,-75.0,0.0,2
,-1.0,-75.0,0.0,2
,6.0710678118654755,-67.92893218813452,0.0,2
,-1.0,-75.0,0.0,2
