key,x,y,wait,move_index,500091080
,131.87164306640625,31.957763671875,0.5,2
,131.87164306640625,31.957763671875,0.5,2
,131.87164306640625,31.957763671875,0.5,2
,131.87164306640625,31.957763671875,0.5,2
