key,x,y,wait,move_index,500004566
,-84.8235294117647,-62.76470588235294,4.0,2
,-84.8235294117647,-62.76470588235294,4.0,2
,-84.8235294117647,-62.76470588235294,4.0,2
