key,x,y,wait,move_index,500055423
,6.0,-146.0,0.0,2
,6.0,-146.0,0.0,2
,15.659258262890683,-143.4118095489748,0.0,2
,15.659258262890683,-143.4118095489748,0.0,2
,15.659258262890683,-143.4118095489748,0.0,2
,15.659258262890683,-143.4118095489748,0.0,2
,25.65925826289068,-143.4118095489748,0.0,2
,25.65925826289068,-143.4118095489748,0.0,2
,25.65925826289068,-153.4118095489748,0.0,2
,25.65925826289068,-153.4118095489748,0.0,2
,35.65925826289068,-153.4118095489748,0.0,2
