key,x,y,wait,move_index,500054547
,-3.2917565099302086,-38.707123729750556,0.0,2
,-3.2917565099302086,-38.707123729750556,0.0,2
