key,x,y,wait,move_index,500084057
,79.45548071963559,-71.62784022657092,0.0,2
