key,x,y,wait,move_index,500081435
,116.19951518523241,23.553111081019473,0.0,2
,116.19951518523241,23.553111081019473,0.0,2
,121.19951518523241,14.892857043175088,0.0,2
,126.19951518523241,6.232603005330702,0.0,2
,131.19951518523243,-2.4276510325136833,0.0,2
,131.19951518523243,-2.4276510325136833,0.0,2
,133.78770563625764,-12.086909295404366,0.0,2
,133.78770563625764,-12.086909295404366,0.0,2
