key,x,y,wait,move_index,500037231
,-171.36483627630784,-4.943496341256462,0.0,2
