key,x,y,wait,move_index,500081926
,-114.07864200367648,-64.76122328814338,8.0,2
,-114.07864200367648,-64.76122328814338,2.0,2
,-114.07864200367648,-64.76122328814338,2.0,2
