key,x,y,wait,move_index,500086571
,206.0062546441404,100.00408723538578,1.0,2
,206.0062546441404,100.00408723538578,5.0,2
,206.0062546441404,100.00408723538578,4.0,2
,206.0062546441404,100.00408723538578,13.0,2
,206.0062546441404,100.00408723538578,19.0,2
