key,x,y,wait,move_index,500037396
,67.6605305655797,-14.039317344237489,0.0,2
,67.6605305655797,-14.039317344237489,0.0,2
,-26.891326994351985,-46.596132789953145,0.0,2
,-26.891326994351985,-46.596132789953145,0.0,2
,-7.810427456697475,51.566585554813244,0.0,2
