key,x,y,wait,move_index,500047293
,-112.39674267263545,109.3619346193605,0.0,5
,-112.39674267263545,109.3619346193605,0.0,5
