key,x,y,wait,move_index,500081800
,26.33077354384227,165.0800775216382,0.0,2
