key,x,y,wait,move_index,500076365
,0.0,0.0,0.0,2
,-43.30127018922194,24.999999999999996,0.0,2
,-43.30127018922194,24.999999999999996,0.0,2
,-43.30127018922194,24.999999999999996,0.0,2
