key,x,y,wait,move_index,500091586
,41.10666666666667,180,2.0,2
,41.10666666666667,180,0.3,2
