key,x,y,wait,move_index,500086694
,0.0,0.0,0.0,2
,0.0,0.0,0.0,2
,3.061616997868383e-15,-50.0,0.0,2
,3.061616997868383e-15,-50.0,1.0,2
,6.123233995736766e-15,-100.0,0.0,2
,6.123233995736766e-15,-100.0,0.0,2
