key,x,y,wait,move_index,500073847
,-141.0000460942615,-23,2.0,2
,-141.0000460942615,-23,2.0,2
,-141.0000460942615,-23,0.1,6
,-131.0000460942615,-23.0,0.0,6
