key,x,y,wait,move_index,500040264
,0.0,0.0,0.0,2
,0.0,0.0,0.0,2
,-30.0,3.67394039744206e-15,0.0,2
,-30.0,3.67394039744206e-15,0.0,2
,-30.000000000000007,-29.999999999999996,0.0,2
