key,x,y,wait,move_index,500061736
,0.0,0.0,0.0,2
,0.0,0.0,0.0,2
,0.0,0.0,0.1,2
,6.123233995736766e-16,-10.0,0.0,2
,6.123233995736766e-16,-10.0,0.0,2
,6.123233995736766e-16,-10.0,0.1,2
,-10.0,-9.999999999999998,0.0,2
