key,x,y,wait,move_index,500010035
,-68.45663218432072,103.3282184766549,0.0,2
