key,x,y,wait,move_index,500092552
,166,55.00000000000007,0.0,2
,166.0,65.00000000000007,0.0,2
,166.0,65.00000000000007,0.0,2
,166.0,55.00000000000007,0.0,2
,166.0,55.00000000000007,0.0,2
,176.0,55.00000000000007,0.0,2
,176.0,55.00000000000007,0.0,2
,166.0,55.00000000000007,0.0,2
,166.0,55.00000000000007,2.0,2
,166.0,55.00000000000007,2.0,2
