key,x,y,wait,move_index,500068929
,0.0,0.0,0.0,2
,0.0,0.0,0.0,2
,6.123233995736766e-15,100.0,0.0,2
,6.123233995736766e-15,100.0,0.0,2
,6.123233995736766e-15,100.0,0.0,2
,-99.98476951563913,98.25475935627163,0.0,2
,-99.98476951563913,98.25475935627163,0.0,2
,-99.98476951563913,98.25475935627163,0.0,2
