key,x,y,wait,move_index,500079431
,-204.15938190171212,191.7799008899705,0.0,2
