key,x,y,wait,move_index,500051211
,118.97501015738295,-156.85762141877316,0.0,2
