key,x,y,wait,move_index,500025573
,-1.0,158.0,0.0,2
,3.6947156278589084,166.82947592858926,0.0,2
