key,x,y,wait,move_index,500002063
,6.0,37.000000000000014,0.0,2
,6.0,37.000000000000014,0.0,2
,6.0,37.000000000000014,2.0,2
