key,x,y,wait,move_index,500028819
,153.84442352070442,59.90460070950911,0.0,2
,153.84442352070442,59.90460070950911,0.0,2
,153.84442352070442,59.90460070950911,0.0,2
