key,x,y,wait,move_index,500066365
,67.0,119.0,0.0,2
,116.72609476841367,113.77357683661732,0.0,2
,116.72609476841367,113.77357683661732,0.0,2
,118.75977798379267,118.34130412483033,0.0,2
,118.75977798379267,118.34130412483033,0.0,2
