key,x,y,wait,move_index,500008693
,201.733164188356,-156.03466153598953,2.0,2
,204.3993333083097,-146.39663568917808,0.0,2
,207.06550242826341,-136.75860984236664,0.0,2
