key,x,y,wait,move_index,500091054
,0.0,0.0,0.0,2
,0.0,0.0,0.0,2
,0.0,0.0,2.0,2
,0.0,0.0,0.0,2
,-10.606601717798215,-10.606601717798211,0.0,2
,-10.606601717798215,-10.606601717798211,0.0,2
,0.0,-1.7763568394002505e-15,0.0,2
,10.606601717798215,10.606601717798208,0.0,2
