key,x,y,wait,move_index,500050723
,188,-186,0.0,2
,6.0,-146.0,0.0,2
,6.0,-146.0,0.0,2
,-3.659258262890683,-148.5881904510252,0.0,2
,-3.659258262890683,-148.5881904510252,0.0,2
,6.340741737109317,-148.5881904510252,0.0,2
,3.0,-180.0,0.0,2
