key,x,y,wait,move_index,500011194
,118.23530340147497,98.32331396964946,2.0,2
,117.87124698646744,88.32994302053065,0.0,2
