key,x,y,wait,move_index,500065479
,-40.0,-45.351898193359375,4.0,2
,-40.0,-45.351898193359375,1.0,2
,-40.0,-45.351898193359375,4.0,2
,-40.0,-45.351898193359375,1.0,2
,-40.0,-45.351898193359375,2.0,2
