key,x,y,wait,move_index,500025883
,109.0,176.0,0.0,2
,109.0,176.0,0.0,2
,109.0,276.0,0.0,2
,109.0,276.0,0.0,2
,9.0,276.0,0.0,2
,9.0,276.0,0.0,2
,8.999999999999982,176.0,0.0,2
,8.999999999999982,176.0,0.0,2
