key,x,y,wait,move_index,500064130
,-19.002593994140625,-63.99999999999973,2.0,2
,-19.002593994140625,-63.99999999999973,0.0,2
,-19.002593994140625,-63.99999999999973,0.0,2
,-19.002593994140625,-63.99999999999973,0.0,2
