key,x,y,wait,move_index,500097183
,-220.0,26.000000000000004,0.0,2
,-205.0,26.000000000000004,0.0,2
,-205.0,26.000000000000004,5.0,2
