key,x,y,wait,move_index,500059245
,-58.97753995402398,-5.0738541434517686,6.0,2
,-58.97753995402398,-5.0738541434517686,1.0,2
,-58.97753995402398,-5.0738541434517686,5.0,2
