key,x,y,wait,move_index,500084707
,-142.00021674509395,0.9969448947621407,1.0,2
,-142.00021674509395,20.99694489476214,0.0,2
,-142.00021674509395,20.99694489476214,1.0,2
,-142.00021674509395,0.9969448947621409,0.0,2
