key,x,y,wait,move_index,500023008
,135.17986222650606,87.66729323248904,0.0,2
,135.17986222650606,87.66729323248904,0.0,2
,144.31531680293207,91.73465966324704,0.0,2
,144.31531680293207,91.73465966324704,0.4,2
