key,x,y,wait,move_index,500009023
,-62.5823266999069,-118.61279943537784,0.0,2
,-52.92306843701622,-121.20098988640305,0.0,2
,-52.92306843701622,-121.20098988640305,0.0,2
,-52.92306843701622,-121.20098988640305,0.0,2
,-43.26381017412554,-123.78918033742826,0.0,2
,-43.26381017412554,-123.78918033742826,0.0,2
,-33.26381017412554,-123.78918033742826,0.0,2
