key,x,y,wait,move_index,500043431
,-7.764705882352949,-8.176470588235293,11.6,2
