key,x,y,wait,move_index,500042241
,-187.42311893016998,177.17289272200557,0.0,2
