key,x,y,wait,move_index,500035078
,33.58802409828885,-85.70588235294119,5.0,2
,33.58802409828885,-85.70588235294119,3.0,2
,33.58802409828885,-85.70588235294119,3.0,2
,33.58802409828885,-85.70588235294119,3.0,2
,33.58802409828885,-85.70588235294119,7.0,2
