key,x,y,wait,move_index,500005252
,-59.00000546773309,65,2.0,2
,-59.00000546773309,65,2.0,2
,-59.00000546773309,65,2.0,10
,-59.00000546773309,65,2.0,10
