key,x,y,wait,move_index,500030933
,119.11353999506623,11.469725911781936,0.0,2
,119.11353999506623,11.469725911781936,2.0,2
,48.40286187641149,82.18040403043669,0.0,2
