key,x,y,wait,move_index,500015937
,-190.15496283803563,174.34708328511542,0.0,2
