key,x,y,wait,move_index,500096785
,-100.0,75.97055623056454,0.0,2
,-100.0,75.97055623056454,0.0,2
,-80.00304609687217,75.62150810181888,0.0,2
,-100.0,75.97055623056454,0.0,2
,-100.0,75.97055623056454,0.0,2
,-100.0,75.97055623056454,0.0,2
,-110.0,75.97055623056454,0.0,2
,-110.0,65.97055623056454,0.0,2
