key,x,y,wait,move_index,500007477
,-113.76282831927593,35.87819184155151,1.0,2
,-113.76282831927593,35.87819184155151,0.0,2
,-113.76282831927593,35.87819184155151,1.0,2
,-113.76282831927593,35.87819184155151,1.0,2
,-113.76282831927593,35.87819184155151,1.0,2
