key,x,y,wait,move_index,500043217
,0.0,0.0,0.0,2
,65.7784834550126,23.94141003279949,0.0,2
,65.7784834550126,23.94141003279949,0.0,2
