key,x,y,wait,move_index,500051924
,-44.193896818765296,-77.14382492029296,0.0,2
,-44.193896818765296,-77.14382492029296,0.0,2
,-44.193896818765296,-77.14382492029296,0.0,2
,-138.10277767085665,-42.776367971782655,0.0,2
,-138.10277767085665,-42.776367971782655,0.0,2
,-214.82030887778026,-106.92011595640466,0.0,2
,-214.82030887778026,-106.92011595640466,0.0,2
,-197.62895923261254,-205.43132088953698,0.0,2
