key,x,y,wait,move_index,500091330
,174.00253901395797,115.00611021047573,2.0,2
