key,x,y,wait,move_index,500088696
,130.0,-140.0,0.0,2
,126.75355020541956,-130.5416405370028,0.0,2
,126.75355020541956,-140.0,0.0,2
