key,x,y,wait,move_index,500090969
,161.0006186222069,14.999858089905388,0.0,2
