key,x,y,wait,move_index,500092672
,145.99999071757057,45.999996100532016,0.00015,2
