key,x,y,wait,move_index,500054520
,-57.6823293456103,31.552777952794113,0.0,2
,-67.48028831674301,29.55277795279411,0.0,2
,-77.27824728787573,27.552777952794106,0.0,2
,-87.07620625900844,25.552777952794102,0.0,2
,-96.87416523014116,23.5527779527941,0.0,2
,-106.67212420127387,21.552777952794095,0.0,2
,-116.47008317240659,19.55277795279409,0.0,2
,-126.2680421435393,17.552777952794088,0.0,2
