key,x,y,wait,move_index,500063336
,100.0,1.2789769243681803e-13,0.0,2
,100.0,1.2789769243681803e-13,0.0,2
