key,x,y,wait,move_index,500045631
,-184.0,-128.7055236082017,0.0,6
,-174.0,-128.7055236082017,0.0,2
