key,x,y,wait,move_index,500020114
,175.00013732910156,-32,5.0,2
,175.00013732910156,-32,0.0,2
,175.00013732910156,-22.0,0.0,2
,175.00013732910156,-22.0,0.0,2
,175.00013732910156,-32.0,0.0,2
,175.00013732910156,-32.0,0.0,2
,185.00013732910156,-32.0,0.0,2
