key,x,y,wait,move_index,500078793
,-171.77613772137204,-107.35230892870909,0.0,2
,-190.0,-150.0,0.0,2
,-190.0,-149.0,0.0,2
,-190.0,-149.0,3.0,2
,-190.0,-149.0,0.0,2
,-190.0,-150.0,0.0,2
