key,x,y,wait,move_index,500052871
,76.0634391132348,-8.518541167779059,0.0,2
