key,x,y,wait,move_index,500071914
,0.0,-99.99999999999991,0.0,2
,0.0,-99.99999999999991,0.0,2
,0.0,-99.99999999999991,1.0,2
