key,x,y,wait,move_index,500091316
,-129.0,100.0,0.0,2
,-129.0,100.0,1.0,2
,-123.70080735766795,108.48048096156425,0.0,2
