key,x,y,wait,move_index,500091202
,82.00198166943062,126.00375695373845,2.0,2
,82.00198166943062,126.00375695373845,1.0,2
