key,x,y,wait,move_index,500052458
,-213.142578125,156.453369140625,2.0,2
,-213.142578125,156.453369140625,2.0,2
,-213.142578125,156.453369140625,2.0,9
,-213.142578125,156.453369140625,2.0,9
