key,x,y,wait,move_index,500084310
,5.0,-18.660254037844382,0.0,2
,5.0,-18.660254037844382,0.0,2
