key,x,y,wait,move_index,500062104
,-60.55858573695451,-50.639024601470126,0.0,2
,-60.55858573695451,-50.639024601470126,0.0,2
,-53.48751792508904,-57.7100924133356,0.0,2
