key,x,y,wait,move_index,500005191
,-137.77777099609375,83.53488159179695,0.0,2
,-127.77777099609375,83.53488159179695,0.0,2
,-127.77777099609375,83.53488159179695,0.0,2
,-137.77777099609375,83.53488159179695,0.0,2
,-137.77777099609375,83.53488159179695,0.0,2
,-137.77777099609375,93.53488159179695,0.0,2
,-137.77777099609375,93.53488159179695,0.0,2
,-137.77777099609375,83.53488159179695,0.0,2
,-137.77777099609375,83.53488159179695,2.0,2
