key,x,y,wait,move_index,500015343
,30.786142044948463,-32.877313242822154,0.0,2
,30.786142044948463,-32.877313242822154,0.2,2
,30.786142044948463,-32.877313242822154,0.2,2
