key,x,y,wait,move_index,500041069
,7.000045776367202,1.2687340839166592e-12,0.0,2
,7.000045776367202,1.2687340839166592e-12,0.5,2
