key,x,y,wait,move_index,500090254
,-108.00000000000017,-293.76914536239786,0.0,2
,-108.00000000000017,-293.76914536239786,0.0,2
,-108.00000000000017,-293.76914536239786,0.0,2
,-108.00000000000017,-293.76914536239786,5.0,2
,-108.00000000000017,-293.76914536239786,0.0,2
,-258.0000000000001,-33.96152422706621,0.0,2
