key,x,y,wait,move_index,500015704
,172.72561984255492,-117.18175017827069,0.0,2
,-190.0,-150.0,0.0,2
,-190.0,-149.0,0.0,2
,-190.0,-149.0,2.0,2
,-190.0,-150.0,0.0,2
,-190.0,-150.0,0.0,2
,-190.0,-150.0,2.0,2
,-190.0,-147.0,0.0,2
