key,x,y,wait,move_index,500093779
,-103.0073357734366,3.3101812709450655,0.0,2
