key,x,y,wait,move_index,500096672
,107.02625157187228,46.686281516738084,0.0,2
,107.02625157187228,46.686281516738084,0.0,2
,116.68550983476297,44.09809106571288,0.0,2
,116.68550983476297,44.09809106571288,0.0,2
,116.68550983476297,44.09809106571288,1.0,2
