key,x,y,wait,move_index,500078567
,-171.2307052928877,81.68508287292818,0.3,2
,-171.2307052928877,81.68508287292818,0.3,2
,-171.2307052928877,81.68508287292818,0.3,2
,-171.2307052928877,81.68508287292818,0.3,2
