key,x,y,wait,move_index,500046544
,-3.0,-3.0,0.0,2
,-2.999999999999994,-103.0,0.0,2
,-2.999999999999994,-103.0,0.0,2
,-2.999999999999994,-103.0,0.0,2
