key,x,y,wait,move_index,500054936
,-184.8823529411765,11.70588235294116,0.0,2
