key,x,y,wait,move_index,500076479
,-15.735764363510464,-7.1915204428899155,0.0,2
,-15.735764363510464,-7.1915204428899155,0.0,2
,-10.0,1.0,0.0,2
