key,x,y,wait,move_index,500064806
,87.31115295859114,-54.703998943058565,0.0,2
,102.31115295859114,-54.703998943058565,0.0,2
,102.31115295859114,-54.703998943058565,0.0,2
,92.31115295859114,-54.703998943058565,0.0,2
,92.31115295859114,-54.703998943058565,0.0,2
,92.31115295859114,-44.703998943058565,0.0,2
,92.31115295859114,-44.703998943058565,0.0,2
,92.31115295859114,-54.703998943058565,0.0,2
