key,x,y,wait,move_index,500021308
,47.69080844475268,-51.310769425405546,0.0,2
,47.69080844475268,-51.310769425405546,0.0,2
,40.20450283298991,-44.6808954984527,0.0,2
,40.20450283298991,-44.6808954984527,0.0,2
,44.46642149971973,-47.29547945736087,0.0,2
,44.46642149971973,-47.29547945736087,0.001,2
