key,x,y,wait,move_index,500071513
,-43.95831298828125,-110.55123901367188,1.0,2
,-43.95831298828125,-110.55123901367188,1.0,2
