key,x,y,wait,move_index,500021852
,-126.68914794921875,-42.89105224609375,0.0,2
