key,x,y,wait,move_index,500034482
,-187.63630375139263,-76.3636474609375,5.0,2
,-187.63630375139263,-76.3636474609375,14.0,2
,-187.63630375139263,-76.3636474609375,9.0,2
,-187.63630375139263,-76.3636474609375,2.0,2
,-187.63630375139263,-76.3636474609375,5.0,2
,-187.63630375139263,-76.3636474609375,8.0,2
,-187.63630375139263,-76.3636474609375,2.0,2
,-187.63630375139263,-76.3636474609375,4.0,2
,-187.63630375139263,-76.3636474609375,2.0,2
,-187.63630375139263,-76.3636474609375,10.0,2
