key,x,y,wait,move_index,500038586
,-81.80583573742862,9.753787975412862,0.0,2
,-71.19923401963041,20.360389693211076,0.0,2
