key,x,y,wait,move_index,500036728
,-173.00000476924828,-101.99997626145947,4.0,2
,-173.00000476924828,-101.99997626145947,0.2,2
