key,x,y,wait,move_index,500091502
,116.01970209299878,4.980427558558094,0.0,2
