key,x,y,wait,move_index,500081265
,-55.9385986328125,8.0000000000001,0.0,2
,-55.9385986328125,8.0000000000001,2.0,2
,-65.9385986328125,8.000000000000101,0.0,2
,-65.9385986328125,8.000000000000101,2.0,2
