key,x,y,wait,move_index,500026965
,78.44991373392406,1.810889132455321,0.0,2
,78.44991373392406,1.810889132455321,0.0,2
,81.03810418494928,11.470147395346004,0.0,2
,81.03810418494928,11.470147395346004,0.0,2
,91.03810418494928,28.790655471034775,0.0,2
,91.03810418494928,28.790655471034775,0.0,2
,91.03810418494928,28.790655471034775,0.0,2
,117.01886629848244,43.790655471034775,0.0,2
