key,x,y,wait,move_index,500047058
,-161.00000000000026,-12.999999999999414,0.0,2
,-161.00000000000026,-12.999999999999414,0.0,2
,-161.00000000000026,-12.999999999999414,0.0,2
