key,x,y,wait,move_index,500092677
,-174.2307052928877,-9.314917127071823,0.3,2
,-174.2307052928877,-9.314917127071823,0.3,2
,-174.2307052928877,-9.314917127071823,0.3,2
