key,x,y,wait,move_index,500009062
,114.86956787109376,13.00000000000012,1.0,2
,104.86956787109376,13.000000000000123,0.0,2
