key,x,y,wait,move_index,500065535
,-77.12671414227258,-47.31454818001202,6.0,2
,-77.12671414227258,-47.31454818001202,2.0,2
