key,x,y,wait,move_index,500090548
,-10.0,-8.0,0.0,2
,-10.0,-8.0,5.0,2
,-10.0,-8.0,5.0,2
,28.63703305156273,-18.35276180410083,0.0,2
,28.63703305156273,-18.35276180410083,3.0,2
,28.63703305156273,-18.35276180410083,0.0,2
,28.63703305156273,-18.35276180410083,2.0,2
,28.63703305156273,-18.35276180410083,3.0,2
