key,x,y,wait,move_index,500096881
,189.00277300739023,150.07441992482163,0.0,2
,190.0,150.0,0.0,2
,190.0,151.0,0.0,2
,190.0,151.0,2.0,2
,190.0,151.0,0.0,2
,-190.0,150.0,0.0,2
