key,x,y,wait,move_index,500066680
,-200.0,50.0,0.0,5
,-100.0,50.0,0.0,5
,-100.0,50.0,0.0,5
,-99.99999999999999,250.0,0.0,5
,-99.99999999999999,250.0,0.0,5
,-200.0,250.0,0.0,5
,-200.0,250.0,0.0,5
,-200.00000000000003,50.0,0.0,5
,-200.00000000000003,50.0,0.0,5
,-100.00000000000003,49.99999999999998,0.0,5
