key,x,y,wait,move_index,500078930
,-201.0320990591531,179.74930311467566,0.0,2
