key,x,y,wait,move_index,500043899
,1.5987211554602254e-14,7.105427357601002e-15,0.0,2
,0.0,0.0,0.0,2
,50.0,0.0,0.0,2
,50.0,0.0,0.0,2
