key,x,y,wait,move_index,500067683
,-98.84290067780711,19.43754807156062,0.0,2
,-98.84290067780711,19.43754807156062,0.0,2
