key,x,y,wait,move_index,500082900
,-96.71820068359376,7.914398193359375,2.0,2
