key,x,y,wait,move_index,500066274
,-28.99999999999999,-190.99999999999991,0.0,2
,-28.99999999999999,-190.99999999999991,0.0,2
,71.00000000000001,-190.99999999999991,0.0,2
,71.00000000000001,-190.99999999999991,0.0,2
,71.00000000000001,-90.99999999999991,0.0,2
,71.00000000000001,-90.99999999999991,0.0,2
,-28.999999999999986,-90.9999999999999,0.0,2
