key,x,y,wait,move_index,500008298
,-161.00001684824736,-29,3.0,2
,-161.00001684824736,-29,5.0,2
,-161.00001684824736,-29,3.0,2
,-161.00001684824736,-29,3.0,2
