key,x,y,wait,move_index,500004491
,-9.797971512544275e+51,-1.999938558898961e+51,0.0,2
