key,x,y,wait,move_index,500037781
,-35.41040694619289,61.722918610761425,1.0,2
,-74.63363397382969,53.878273205234066,0.0,2
,-74.63363397382969,53.878273205234066,3.0,2
