key,x,y,wait,move_index,500066841
,160.47917176470588,-36.78740705882353,0.5,2
,160.47917176470588,-36.78740705882353,1.0,2
