key,x,y,wait,move_index,500081424
,11.546395261974377,-5.138476070095635,0.0,2
,11.546395261974377,-5.138476070095635,0.0,2
,11.546395261974377,-5.138476070095635,2.0,2
