key,x,y,wait,move_index,500092890
,-187.6612604106602,136.67421187647497,0.0,2
