key,x,y,wait,move_index,500080964
,238.99422927350562,-53.74651247754139,0.0,2
,248.99409812063075,-53.695296852030964,0.0,2
