key,x,y,wait,move_index,500014146
,-117.31186983427936,-51.19045530727614,0.0,2
,-124.57005231303135,-44.31159005891304,0.0,2
,-124.57005231303135,-44.31159005891304,0.1,2
,-124.64263413781887,-44.24280140642941,0.0,2
