key,x,y,wait,move_index,500023517
,-204.9999869664518,-144,2.0,2
,-204.9999869664518,-144,3.0,2
,-204.9999869664518,-144,3.0,2
,-204.9999869664518,-144,3.0,2
,-204.9999869664518,-144,2.0,2
,-204.9999869664518,-144,3.0,2
,-204.9999869664518,-144,3.0,2
,-204.9999869664518,-144,2.0,2
,-204.9999869664518,-144,2.0,2
,-204.9999869664518,-144,6.0,2
,-204.9999869664518,-144,2.0,2
