key,x,y,wait,move_index,500041952
,185.00000000000003,-44.000000000000014,1.0,2
,175.00000000000003,-44.000000000000014,0.0,2
,175.00000000000003,-44.000000000000014,0.0,2
