key,x,y,wait,move_index,500066530
,1.5255128608399797,-15.602540378443365,0.0,2
,1.5255128608399797,-15.602540378443365,0.0,2
,101.52551286083998,-15.602540378443365,0.0,2
,101.52551286083998,-15.602540378443365,0.0,2
,101.52551286083998,84.39745962155664,0.0,2
,101.52551286083998,84.39745962155664,0.0,2
,1.5255128608399815,84.39745962155665,0.0,2
