key,x,y,wait,move_index,500039030
,-207.84680223866266,175.46268115827377,0.0,2
