key,x,y,wait,move_index,500108895
,100.00000000000149,2.1387336346379016e-12,0.0,2
,100.00000000000149,2.1387336346379016e-12,0.0,2
,100.00000000000149,50.00000000000214,0.0,2
,100.00000000000149,50.00000000000214,0.0,2
,100.00000000000149,50.00000000000214,0.0,2
