key,x,y,wait,move_index,500106096
,20.471253535547618,-72.10857086766288,0.0,2
,20.471253535547618,-72.10857086766288,0.0,2
