key,x,y,wait,move_index,500110296
,46.0,12.0,0.0,2
,46.0,12.0,2.0,2
,46.0,12.0,0.0,2
,56.60660171779821,22.606601717798213,0.0,2
,56.60660171779821,22.606601717798213,0.0,2
,46.0,12.000000000000002,0.0,2
,46.0,12.000000000000002,0.0,2
,56.60660171779821,22.606601717798213,0.0,2
,56.60660171779821,22.606601717798213,0.0,2
,46.00000000000001,11.999999999999995,0.0,2
,46.00000000000001,11.999999999999995,0.0,2
,56.60660171779821,22.606601717798213,0.0,2
