key,x,y,wait,move_index,500103095
,14.683427713516721,0.8944973004430978,0.0,2
