key,x,y,wait,move_index,500110859
,-3.0,-125,5.0,2
,6.994788103444991,-125.32281692526021,0.0,2
,106.94266913789491,-128.55098617786237,0.0,2
