key,x,y,wait,move_index,500107637
,-97.88201326562556,-38.409141384974276,0.0,2
,-97.88201326562556,-38.409141384974276,0.0,2
,-97.88201326562556,-38.409141384974276,0.1,2
,-91.54273933951507,-24.814524579424525,0.0,2
,-16.0,113.0,0.0,2
