key,x,y,wait,move_index,500107933
,-56.0,-107.99999423556908,0.0,2
,-56.0,-107.99999423556908,1.0,2
