key,x,y,wait,move_index,500102725
,-5.235294117647051,-35.529411764705884,0.0,2
,-5.235294117647051,-45.529411764705884,0.0,2
,-15.23529411764705,-45.529411764705884,0.0,2
,-5.235294117647051,-45.529411764705884,0.0,2
