key,x,y,wait,move_index,500108666
,37.077239990234375,-62,2.0,2
,37.077239990234375,-62,0.0,2
,47.077239990234375,-62.0,0.0,2
,47.077239990234375,-62.0,0.1,2
