key,x,y,wait,move_index,500102656
,-112.28446681802204,127.88567749249125,0.0,2
,-112.28446681802204,127.88567749249125,2.0,2
