key,x,y,wait,move_index,500106523
,-12.0,-23.33331298828125,0.0,2
,-12.0,-23.33331298828125,2.0,2
,-12.0,-23.33331298828125,1.0,2
,-12.0,-23.33331298828125,2.0,2
