key,x,y,wait,move_index,500104203
,19.366136390785478,-68.64705882352942,0.0,2
,19.366136390785478,-68.64705882352942,999999999999.0,2
,19.366136390785478,-68.64705882352942,0.0,2
,19.366136390785478,-68.64705882352942,1.0,2
