key,x,y,wait,move_index,500100954
,-85.88230612644072,-117.64713062959558,0.0,2
,-85.88230612644072,-117.64713062959558,1.0,2
,-85.88230612644072,-117.64713062959558,2.0,2
,-85.88230612644072,-117.64713062959558,2.0,2
,-85.88230612644072,-117.64713062959558,4.0,2
