key,x,y,wait,move_index,500100676
,100.0,4.263256414560601e-14,0.0,2
,100.0,4.263256414560601e-14,0.0,2
,100.0,4.263256414560601e-14,3.0,2
