key,x,y,wait,move_index,500100963
,-52.0,-149.0,0.0,2
,-51.98325957674275,-139.00001401209835,0.0,2
,-51.98325957674275,-140.0,0.0,2
