key,x,y,wait,move_index,500107412
,13.058823529411756,-26.70588235294118,2.0,2
,13.058823529411756,-26.70588235294118,0.0,2
