key,x,y,wait,move_index,500104534
,32.901977015260805,147.19654400130284,0.0,2
