key,x,y,wait,move_index,500101384
,2.9499999999999886,6,2.0,2
,2.9499999999999886,6,2.0,2
