Blockname,Key,Field
90,-128.47058823529412,27.352941176470587
