,BlockName,Key,Field,node_id,parent_id,hash
0,36,-77.99999999999999,34.999999999999986,,,
