,BlockName,Key,Field,node_id,parent_id,hash
0,-49.95884315972987,-73.89677391163647,-122.58060282266665,,,
