,BlockName,Key,Field,node_id,parent_id,hash
0,-45.916252178567476,-94.33867818915559,38.92445533841047,,,
