,BlockName,Key,Field,node_id,parent_id,hash
0,84,-175.47058823529412,-5.470588235294119,,,
