,BlockName,Key,Field,node_id,parent_id,hash
0,90,-89.3529411764706,16.941176470588232,,,
