,BlockName,Key,Field,node_id,parent_id,hash
0,-45,-147.44556595704574,9.481851016773897,,,
