,BlockName,Key,Field,node_id,parent_id,hash
0,105,-149.58823529411762,-44.11764705882353,,,
