,BlockName,Key,Field,node_id,parent_id,hash
0,164.99999999999994,-99.54484042727925,-85.68329488586264,,,
