,BlockName,Key,Field,node_id,parent_id,hash
0,90,96.46909466911765,-20.073094985064337,,,
