,BlockName,Key,Field,node_id,parent_id,hash
0,90,-141.1764705882353,-3.5294117647058822,,,
