,BlockName,Key,Field,node_id,parent_id,hash
0,-120,21.252706687117282,-32.26918024602593,,,
