,BlockName,Key,Field,node_id,parent_id,hash
0,-159.59520228352912,-94.24195137282176,41.09649421901785,,,
