,BlockName,Key,Field,node_id,parent_id,hash
0,165,219.77776810461472,-104.64571141148014,,,
